org,nonprofit_type,ein,sole_climate_energy,state,controlling_entity,ruling_year,address,ntee_code,naics_code,sic_code,guidestar_keywords,notes,substantive_focus,peripheral_focus,delay,denial,id,alliance_for_energy_&_economic_growth,alliance_to_save_energy,cooler_heads_coalition,spn
ACCURACY IN ACADEMIA,501(c)(3),521400302,False,MD,,1985.0,"P.O. Box 5647  / Derwood, MD 20855 USA/                             Mr. Don  Irvine                           /                                 Primary Contact Phone: (240) 686-5964                              / don.irvine@academia.org/ Chairman/ http://www.academia.org/ 4200 WisconsinAve. NW #100-198  / Washington, DC 20016 / 18627 Reliant Dr  / Gaithersburg, MD 20879 ","Printing, Publishing (A33)/ Research Institutes and/or Public Policy Analysis (B05)",511199 All Other Publishers,2741 Miscellaneous Publishing,education,,1,0,1,1,577,0,0,0,0
ACCURACY IN MEDIA,501(c)(3),237135837,False,DC,,1971.0,"1717 K Street Northwest Suite 900 / Washington, DC 20006 USA/                              Taylor  Anderson                           /                                 Primary Contact Phone: (509) 989-7239                              / info@aim.org/ Donor Relations Officer/ http://www.aim.org/                                 Main Office Phone: (202) 364-4401                              / 1717 K Street Northwest Suite 900 / Washington, DC 20006 ","Media, Communications Organizations (A30)/ Printing, Publishing (A33)/ Radio (A34)",51 Information,,"media watchdog,  citizen activism",,1,0,1,1,192,0,0,0,0
ACTON INSTITUTE FOR THE STUDY OF RELIGION AND LIBERTY,501(c)(3),382926822,False,MI,,1990.0,"98 E. Fulton Street  / Grand Rapids, MI 49503 USA/                             Mr. Kris Alan Mauren                           /                                 Primary Contact Phone: (616) 454-3080                              / kmauren@acton.org/ Executive Director/ www.acton.org/                                 Main Office Phone: (616) 454-3080                              / 98 E. Fulton Street  / Grand Rapids, MI 49503 / 98 E. Fulton Street  / Grand Rapids, MI 49503 / Corso Vittorio Emanuele II No. 294/ Roma -- 00186/ International Tel: +(39) 06-688-92500",Research Institutes and/or Public Policy Analysis (X05)/ Research Institutes and/or Public Policy Analysis (B05),541720 Research and Development in the Social Sciences and Humanities,8733 NONCOMMERCIAL RESEARCH ORGANIZATIONS/ 8732 COMMERCIAL NONPHYSICAL RESEARCH,"liberty,  free market,  morality,  religion,  freedom,  capitalism",,1,0,1,1,1864,0,0,0,2
ADVOCATES FOR SELF GOVERNMENT,501(c)(3),770099744,False,CA,,1986.0,"500 Capitol Mall Suite 2050 / Sacramento, CA 95814 USA/                             Mr Michael  Sertic                           /                                 Primary Contact Phone: (916) 273-4443                              / mike@theadvocates.org/ President/ https://www.theadvocates.org/                                 Main Office Phone: (916) 273-4443                              / 500 Capitol Mall Suite 2050 / Sacramento, CA 95814 / 500 Capitol Mall Suite 2050 / Sacramento, CA 95814 / 500 Capitol Mall Suite 2050/ Sacramento CA 95814/ International Tel:  ",Alliance/Advocacy Organizations (R01),813319 Other Social Advocacy Organizations,"8399 SOCIAL SERVICES, NEC/ 8641 CIVIC AND SOCIAL ASSOCIATIONS","Liberty,  self-government,  freedom,  education",,1,0,1,1,2057,0,0,0,0
ALASKA POLICY FORUM,501(c)(3),264380206,False,AK,,2009.0,"7926 Old Seward Hwy Ste A6  / Anchorage, AK 99518 / www.alaskapolicyforum.org","Adult, Continuing Education (B60)",611699 All Other Miscellaneous Schools and Instruction,"7999 AMUSEMENT AND RECREATION, NEC/ 8299 SCHOOLS AND EDUCATIONAL SERVICES",,,0,1,1,0,3301,0,0,0,1
ALLEGHENY INSTITUTE FOR PUBLIC POLICY,501(c)(3),251704173,False,PA,,1994.0,"305 Mt Lebanon Blvd Ste 208  Pittsburgh PA 15234-1511/ Pittsburgh, PA 15234 / WWW.ALLEGHENYINSTITUTE.ORG",Government and Public Administration (W20),813410 Civic and Social Organizations,"8641 Civic and Social Associations/ 8699 Membership Organizations, NEC",,,1,0,1,1,2523,0,0,0,1
AMERICA'S FUTURE FOUNDATION,501(c)(3),521928321,False,VA,,1995.0,"Americas Future Foundation 3434 Washington Blvd. 1st Floor. / Arlington, VA 22201 USA/                              Cindy  Cerquitella                           /                                 Primary Contact Phone: (703) 801-6733                              / cindy@americasfuture.org/ Executive Director/ americasfuture.org/                                 Main Office Phone: (202) 331-2261                              / Americas Future Foundation 3434 Washington Blvd. 1st Floor. / Arlington, VA 22201 / Americas Future Foundation 3434 Washington Blvd. 1st Floor. / Arlington, VA 22201 ",Community Coalitions (S21),813410 Civic and Social Organizations,"8641 Civic and Social Associations/ 8699 Membership Organizations, NEC","Liberty,  Leadership Development,  Networking,  Civic Engagement",,1,0,1,1,799,0,0,1,2
AMERICA'S POWER,501(c)(6),521799853,True,VA,,1994.0,"2121 N Westmoreland St # St503  Arlington VA 22213-1055/ Arlington, VA 22213 / WWW.AMERICASPOWER.ORG",Public Utilities (W80),221 Utilities,,,,1,0,1,0,75,0,0,0,0
AMERICAN ASSOCIATION OF PETROLEUM GEOLOGISTS,501(c)(3),730125920,False,OK,,1943.0,"P.O. Box 979  / Tulsa, OK 74101 USA/                              Bryan  Haws                           /                                 Primary Contact Phone: (918) 560-2607 Ext 918560                              / bhaws@aapg.org/ www.aapg.org/                                 Main Office Phone: (918) 5842555 Ext 918560                              / 1444 South Boulder Avenue  / Tulsa, OK 74119 / P.O. Box 979  / Tulsa, OK 74101-0979 / P.O. Box 979 / Tulsa  74101-0979/ International Tel: 91856 9185602607","Professional Societies, Associations (Y03)",813920 Professional Organizations,8621 Professional Organizations,Petroleum Geology Professional Association,,0,1,1,1,3381,0,0,0,0
AMERICAN COAL COUNCIL,501(c)(6),840912828,True,DC,,1985.0,"1101 Pennsylvania Ave NW Ste 600  / Washington, DC 20004 / WWW.AMERICANCOALCOUNCIL.ORG",Promotion of Business (Chambers of Commerce) (S41),813910 Business Associations,"8611 BUSINESS ASSOCIATIONS/ 8699 MEMBERSHIP ORGANIZATIONS, NEC",,,1,0,1,1,2925,0,0,0,0
AMERICAN COMMITMENT,501(c)(3),452600535,False,,,,,,,,,,1,0,1,0,394,0,0,0,0
AMERICAN CONSERVATION COALITION,501(c)(4),823815628,True,WI,,2018.0,"PO Box 391  / Appleton, WI 54912 / WWW.ACC.ECO",Alliance/Advocacy Organizations (C01),813319 Other Social Advocacy Organizations,"8399 SOCIAL SERVICES, NEC/ 8641 CIVIC AND SOCIAL ASSOCIATIONS",,,1,0,1,0,362,0,0,0,0
AMERICAN CONSTITUTIONAL RIGHTS UNION,501(c)(3),522121856,False,VA,,1999.0,"175 Cameron Station Blvd  Alexandria VA 22304-7783/ Alexandria, VA 22304 / www.theacru.org",Civil Liberties Advocacy (R60),813311 Human Rights Organizations,"8399 SOCIAL SERVICES, NEC",,,0,1,1,1,3768,0,0,0,0
AMERICAN CONSUMER INSTITUTE THE,501(c)(3),208601897,False,VA,,2007.0,"13337 Glen Taylor Ln  / Herndon, VA 20171 / WWW.THEAMERICANCONSUMER.ORG",Education N.E.C. (B99),611 Educational Services,,,,1,0,1,0,3516,0,0,0,2
AMERICAN COUNCIL FOR CAPITAL FORMATION,501(c)(6),520991278,False,DC,,1975.0,"1001 Connecticut Avenw Suite 620  Washington Dc 20036-5590  / Washington, DC 20036 / WWW.ACCF.ORG",Economic Development (S30),813410 Civic and Social Organizations,"8641 Civic and Social Associations/ 8699 Membership Organizations, NEC",,,1,0,1,0,912,0,0,0,0
AMERICAN COUNCIL ON SCIENCE AND HEALTH,501(c)(3),132911127,False,NY,,1977.0,"135 Madison Avenue, 5th Floor, 06-114  / New York, NY 10016-6745 USA/                             Mr. Thom  Golab                           /                                 Primary Contact Phone: (301) 980-4579                              / tgolab@acsh.org/ President/ www.acsh.org/                                 Main Office Phone: (212) 362-7044                              / 135 Madison Avenue, 5th Floor, 06-114  / New York, NY 10016-6745 / 135 Madison Avenue, 5th Floor, 06-114  / New York, NY 10016-6745 / 135 Madison Avenue, 5th Floor, 06-114 / New York NY 10016-6745/ International Tel: +212 362",Research Institutes and/or Public Policy Analysis (E05)/ Research Institutes and/or Public Policy Analysis (C05)/ Research Institutes and/or Public Policy Analysis (U05),541720 Research and Development in the Social Sciences and Humanities,8733 NONCOMMERCIAL RESEARCH ORGANIZATIONS/ 8732 COMMERCIAL NONPHYSICAL RESEARCH,science health,,1,0,1,1,1823,0,0,0,0
AMERICAN ENERGY ALLIANCE,501(c)(4),262731617,True,DC,,2008.0,"1155 15th St NW Ste 900  / Washington, DC 20005 / WWW.AMERICANENERGYALLIANCE.ORG",Alliance/Advocacy Organizations (R01),813319 Other Social Advocacy Organizations,"8399 SOCIAL SERVICES, NEC/ 8641 CIVIC AND SOCIAL ASSOCIATIONS",,,1,0,1,0,3785,0,0,0,0
AMERICAN ENTERPRISE INSTITUTE FOR PUBLIC POLICY RESEARCH,501(c)(3),530218495,False,DC,,1944.0,"1789 Massachusetts Avenue NW  / Washington, DC 20036 USA/                             Ms. Nicole  Ruman Skinner                           /                                 Primary Contact Phone: (202) 8625800                              / nskinner@aei.org/ Managing Director, Development/ www.aei.org/                                 Main Office Phone: (202) 862-5800                              / 1789 Massachusetts Avenue NW  / Washington, DC 20036 / 1789 Massachusetts Avenue NW  / Washington, DC 20036 ",Research Institutes and/or Public Policy Analysis (W05)/ Research Institutes and/or Public Policy Analysis (Q05)/ Research Institutes and/or Public Policy Analysis (S05),541720 Research and Development in the Social Sciences and Humanities,8733 NONCOMMERCIAL RESEARCH ORGANIZATIONS/ 8732 COMMERCIAL NONPHYSICAL RESEARCH,"AEI,  Think Tank,  Public Policy,  Research,  Institute",,1,0,1,1,3057,0,0,0,2
AMERICAN EXPLORATION & PRODUCTION COUNCIL,501(c)(6),521042125,True,DC,,1976.0,"999 E St NW Ste 200  / Washington, DC 20004 / WWW.AXPC.ORG",Single Organization Support (S11),813219 Other Grantmaking and Giving Services,"8399 Social Services, NEC",,,1,0,1,0,1639,0,0,0,0
AMERICAN FARM BUREAU FEDERATION,501(c)(5),360725160,False,DC,,1950.0,"600 Maryland Ave. SW Suite 1000W / Washington, DC 20024 /                              Jordan   Craig                           / jcraig@fb.org/ www.fb.org/                                 Main Office Phone: (202) 406-3600                              ",Farm Bureau (K28)/ Farm Bureau (K28),813910 Business Associations,"8611 BUSINESS ASSOCIATIONS/ 8699 MEMBERSHIP ORGANIZATIONS, NEC",,,1,0,1,0,6,1,0,0,0
AMERICAN FEED INDUSTRY ASSOCIATION,501(c)(6),360725250,False,VA,,1942.0,"2101 Wilson Blvd Ste 810  / Arlington, VA 22201 / WWW.AFIA.ORG","Employment, Job Related N.E.C. (J99)",624310 Vocational Rehabilitation Services,8331 JOB TRAINING AND RELATED SERVICES,,,0,1,1,0,3548,0,0,0,0
AMERICAN FUEL AND PETROCHEMICAL MANUFACTURERS,501(c)(6),530115970,True,DC,,1963.0,"1800 M St NW Ste 900n  Washington DC 20036-5883/ Washington, DC 20036 / WWW.AFPM.ORG",Promotion of Business (Chambers of Commerce) (S41),813910 Business Associations,"8611 BUSINESS ASSOCIATIONS/ 8699 MEMBERSHIP ORGANIZATIONS, NEC",,,1,0,1,0,2007,0,0,0,0
AMERICAN GAS ASSOCIATION,501(c)(6),130431590,True,DC,,1938.0,"400 N Capitol St NW  Washington DC 20001-1511/ Washington, DC 20001 / WWW.AGA.ORG","Professional Societies, Associations (W03)",813920 Professional Organizations,8621 PROFESSIONAL ORGANIZATIONS,,,1,0,1,0,354,1,0,0,0
AMERICAN INSTITUTE FOR ECONOMIC RESEARCH,501(c)(3),42121305,False,MA,,1999.0,"250 Division St  / Great Barrington, MA 01230 USA/                              Michele J. Kearns                           /                                 Primary Contact Phone: (413) 645-3146 Ext 3146                              / michele.kearns@aier.org/ Vice President, Finance/ www.aier.org/                                 Main Office Phone: (888) 528-1216                              / 250 Division St  / Great Barrington, MA 01230 / 250 Division St  / Great Barrington, MA 01230 ",Research Institutes and/or Public Policy Analysis (B05)/ Economics (as a Social Science) (V22)/ Economics (as a Social Science) (V22),541720 Research and Development in the Social Sciences and Humanities,8733 Noncommercial Research Organizations/ 8732 Commercial Nonphysical Research,"economics,  research,  fellowship,  American,  financial,  free markets",,1,0,1,0,1289,0,0,0,0
AMERICAN LEGISLATIVE EXCHANGE COUNCIL,501(c)(3),520140979,False,VA,,1977.0,"2900 Crystal Drive Suite 600 / Arlington, VA 22202 USA/                              Lisa  Bowen                           /                                 Primary Contact Phone: (571) 482-5060                              / lbowen@alec.org/ Senior Director of Finance and Administration/ www.alec.org/                                 Main Office Phone: (703) 373-0933                              / 2900 Crystal Drive Suite 600 / Arlington, VA 22202 / 2900 Crystal Drive Suite 600 / Arlington, VA 22202 ","Mutual/Membership Benefit Organizations, Other N.E.C. (Y99)/ Research Institutes and/or Public Policy Analysis (B05)",813410 Civic and Social Organizations,"8641 CIVIC AND SOCIAL ASSOCIATIONS/ 8699 MEMBERSHIP ORGANIZATIONS, NEC","ALEC,  American Legislative,  Jeffersonian,",,1,0,1,1,3872,0,0,1,2
AMERICAN PETROLEUM INSTITUTE,501(c)(6),130433430,True,DC,,1938.0,"200 Massachusetts Ave NW  Washington DC 20001-1429/ Washington, DC 20001 / WWW.API.ORG",Promotion of Business (Chambers of Commerce) (S41),813910 Business Associations,"8611 BUSINESS ASSOCIATIONS/ 8699 MEMBERSHIP ORGANIZATIONS, NEC",,,1,0,1,0,1939,1,0,0,0
AMERICAN POLICY CENTER,501(c)(4),521645354,False,AN,,1984.0,"53 Main St Unit 3640  Warrenton VA 20188-8478/ Warrenton, VA 20188 / WWW.AMERICAN POLICY.ORG",Research Institutes and/or Public Policy Analysis (W05),541720 Research and Development in the Social Sciences and Humanities,8733 NONCOMMERCIAL RESEARCH ORGANIZATIONS/ 8732 COMMERCIAL NONPHYSICAL RESEARCH,,,1,0,1,1,1865,0,0,1,0
AMERICAN SHEEP INDUSTRY ASSOCIATION,501(c)(3),840449271,False,CO,,1957.0,"9785 Maroon Cir Ste 360  Englewood CO 80112-2692/ Englewood, CO 80112 / WWW.SHEEPUSA.ORG",Promotion of Business (Chambers of Commerce) (S41),813910 Business Associations,"8611 BUSINESS ASSOCIATIONS/ 8699 MEMBERSHIP ORGANIZATIONS, NEC",,,0,1,1,0,1780,0,0,0,0
AMERICAN SOCIETY FOR THE DEFENSE OF TRADITION FAMILY AND PROPERTY,501(c)(3),237325778,False,PA,,1973.0,"1358 Jefferson Road  / Spring Grove, PA 17362 /                             Mr. Robert E.  Ritchie                           /                                 Primary Contact Phone: (888) 3175571                              / tfp@tfp.org/ Director/ www.tfp.org",Roman Catholic (X22),813110 Religious Organizations,8661 RELIGIOUS ORGANIZATIONS,"Fatima, TFP, America Needs Fatima, Tradition, Family, Property,",,0,1,1,1,2724,0,0,0,0
AMERICAN SPECTATOR FOUNDATION,501(c)(3),237002632,False,VA,,1969.0,"122 S. Royal Street  / Alexandria, VA 22314 USA/                             Mr. Alex Jane Kiselica                           /                                 Primary Contact Phone: (703) 807-2011                              / kiselicaa@spectator.org/ Development Manager/ www.spectator.org/                                 Main Office Phone: (703) 807-2011                              / 122 S. Royal Street  / Alexandria, VA 22314 / 122 S. Royal Street  / Alexandria, VA 22314 ",Citizen Participation (W24)/ Other Youth Development N.E.C. (O99),813410 Civic and Social Organizations,"8641 CIVIC AND SOCIAL ASSOCIATIONS/ 8699 MEMBERSHIP ORGANIZATIONS, NEC","individual liberty, limited government, free enterprise system, open trade",,1,0,1,1,870,0,0,0,0
AMERICANS FOR PROSPERITY,501(c)(4),753148958,False,VA,AMERICANS FOR PROSPERITY,2004.0,"1310 N Courthouse Rd  Arlington VA 22201-2508/ Arlington, VA 22201 / www.americansforprosperity.org","Urban, Community  (S31)",813410 Civic and Social Organizations,"8641 CIVIC AND SOCIAL ASSOCIATIONS/ 8699 MEMBERSHIP ORGANIZATIONS, NEC",,,1,0,1,1,3890,0,0,0,2
AMERICANS FOR PROSPERITY FOUNDATION,501(c)(3),521527294,False,VA,AMERICANS FOR PROSPERITY,1988.0,"2111 Wilson Blvd. Suite 350 / Arlington, VA 22201 /                             Mr. Tim  Phillips                           /                                 Primary Contact Phone: (703) 224-3200                              / info@afphq.org/ President/ www.americansforprosperity.org/                                 Main Office Phone: (703) 224-3240                              / 2111 Wilson Blvd. Suite 350 / Arlington, VA 22201 ",Economics (as a Social Science) (V22)/ Research Institutes and/or Public Policy Analysis (Y05)/ Research Institutes and/or Public Policy Analysis (B05),541720 Research and Development in the Social Sciences and Humanities,8733 NONCOMMERCIAL RESEARCH ORGANIZATIONS/ 8732 COMMERCIAL NONPHYSICAL RESEARCH,"Grassroots,  healthcare,  epa,  cap and trade,  tax,  free market,  economics,  conservative,  prosperity,  restrain government growth,  free market solutions,  entrepreneurial principles,  pro-growth,  low tax,  unnecessary regulation",,1,0,1,1,3008,0,0,0,2
AMERICANS FOR TAX REFORM,501(c)(4),521403587,False,DC,AMERICANS FOR TAX REFORM,1993.0,"722 12th St. NW 4th Floor / Washington, DC 20005 USA/                              Megan  Worley                           / mworley@atr.org/ Vice President, Finance/ www.atr.org/                                 Main Office Phone: (202) 785-0266                              / 722 12th St. NW 4th Floor / Washington, DC 20005 ",Alliance/Advocacy Organizations (W01),813319 Other Social Advocacy Organizations,"8399 SOCIAL SERVICES, NEC/ 8641 CIVIC AND SOCIAL ASSOCIATIONS",Tax reform,,1,0,1,1,2744,0,0,1,2
AMERICANS FOR TAX REFORM FOUNDATION,501(c)(3),521400492,False,DC,AMERICANS FOR TAX REFORM,1985.0,"722 12TH St NW 4th Floor / Washington, DC 20005 USA/                              Megan  Worley                           / mworley@atr.org/ ww.americansfortaxreformfoundation.org/ 722 12TH St NW 4th Floor / Washington, DC 20005 ",Research Institutes and/or Public Policy Analysis (W05),541720 Research and Development in the Social Sciences and Humanities,8733 NONCOMMERCIAL RESEARCH ORGANIZATIONS/ 8732 COMMERCIAL NONPHYSICAL RESEARCH,Economic research,,1,0,1,1,2053,0,0,0,2
AMERICA INC,501(c)(4),273352652,False,VA,,1988.0,"1900 Campus Commons Drive Suite 600 / Reston, VA 20191 USA/                             Mr. Coley  Jackson                           /                                 Primary Contact Phone: (571) 267-3500                              / cjackson@mrc.org/ Vice President of Development/ https://www.mrc.org//                                 Main Office Phone: (571) 267-3500                              / 1900 Campus Commons Drive Suite 600 / Reston, VA 20191 / 1900 Campus Commons Drive Suite 600 / Reston, VA 20191 ",Research Institutes and/or Public Policy Analysis (A05)/ Research Institutes and/or Public Policy Analysis (Q05)/ Research Institutes and/or Public Policy Analysis (W05),541720 Research and Development in the Social Sciences and Humanities,8733 NONCOMMERCIAL RESEARCH ORGANIZATIONS/ 8732 COMMERCIAL NONPHYSICAL RESEARCH,"Media Bias,  Brent Bozell,  Media Research,  Media Center,  Watchdog,  Family,  USA",,1,0,1,1,1157,0,0,0,0
ATLAS NETWORK,501(c)(3),942763845,False,VA,,1981.0,"4075 Wilson Blvd. Suite 310 Two Liberty Center / Arlington, VA 22203 USA/                             Mr. Bradley  Lips                           /                                 Primary Contact Phone: (202) 449-8449                              / brad.lips@atlasnetwork.org/ Chief Executive Officer/ www.AtlasNetwork.org/                                 Main Office Phone: (202) 449-8449                              / 1201 L Street NW 2nd Floor / Washington,  20005 / 4075 Wilson Blvd. Suite 310 Two Liberty Center / Arlington, VA 22203 ",Research Institutes and/or Public Policy Analysis (R05)/ Alliance/Advocacy Organizations (B01)/ Private Grantmaking Foundations (T20),541720 Research and Development in the Social Sciences and Humanities,8733 NONCOMMERCIAL RESEARCH ORGANIZATIONS/ 8732 COMMERCIAL NONPHYSICAL RESEARCH,"liberty,  education,  policy,  free-market,  economic,  freedom,  think tank,  tolerance,  rule of law,  poverty",,1,0,1,1,2616,0,0,0,2
ATLAS SOCIETY,501(c)(3),133554791,False,TX,,2016.0,"22001 Northpark Dr #250  / Kingwood, TX 77339 USA/                             Ms. Carolyn  Gino                           /                                 Primary Contact Phone: (925) 399-2587                              / cgino@atlassociety.org/ COO/ http://www.atlassociety.org/                                 Main Office Phone: (833) 296-7263 Ext 2                              / 22001 Northpark Dr #250  / Kingwood, TX 77339 / 22001 NORTHPARK DR STE 250  / Kingwood, TX 77339 ","Humanities Organizations (A70)/ Civil Rights, Social Action, and Advocacy N.E.C. (R99)","71 Arts, Entertainment, and Recreation",,"ayn rand, liberty, individualism, reason, capitalism, happiness, objectivism, objectivist, john galt, achievement, benevolent self-interest, Hank Rearden, Dagny Taggart",,0,1,1,1,2607,0,0,0,0
AYN RAND INSTITUTE,501(c)(3),222570926,False,CA,,1987.0,"6 Hutton Centre Suite 600 / Santa Ana, CA 92707 USA/                             Mr. David  Gulbraa                           /                                 Primary Contact Phone: (949) 222-6550                              / dgulbraa@aynrand.org/ Donor Services Coordinator/ www.aynrand.org/                                 Main Office Phone: (949) 222-6550                              / 6 Hutton Centre Suite 600 / Santa Ana, CA 92707 / 6 Hutton Centre Suite 600 / Santa Ana, CA 92707 ",Unknown (Z99),,,"Ayn, Rand, free books, Fountainhead, Atlas Shrugged",,1,0,1,1,2944,0,0,0,0
BEACON HILL INSTITUTE FOR PUBLIC POLICY RESEARCH,501(c)(3),266265950,False,MA,,2008.0,"165 MAIN ST UNIT 306  / MEDWAY, MA 02053 USA/                             Dr. David  Tuerck                           /                                 Primary Contact Phone: (855) 244-4550                              / dtuerck@beaconhill.org/ President and Managing Trustee/ www.beaconhill.org/                                 Main Office Phone: (855) 244 Ext 4550                              / 165 MAIN ST UNIT 306  / MEDWAY, MA 02053 / 165 MAIN ST UNIT 306  / MEDWAY, MA 02053 ",Economics (as a Social Science) (V22),541720 Research and Development in the Social Sciences and Humanities,8733 Noncommercial Research Organizations/ 8732 Commercial Nonphysical Research,"timely,  readable,  technically advanced",,1,0,1,1,3681,0,0,0,2
BROAD AND LIBERTY,501(c)(3),834513582,False,,,,,,,,,,0,1,1,0,3639,0,0,0,0
BUCKEYE INSTITUTE FOR PUBLIC POLICY SOLUTIONS THE,501(c)(3),311278593,False,KY,,2004.0,"P.O. Box 11706  / Lexington, KY 40577 USA/                             Ms. Kelly  Smith                           /                                 Primary Contact Phone: (859) 576-1920                              / ksmith@freedomkentucky.com/ Director of Development/ www.bipps.org/                                 Main Office Phone: (270) 320-4376                              / 192 N. Broadway  / Lexington, KY 40507 ",Research Institutes and/or Public Policy Analysis (A05),541720 Research and Development in the Social Sciences and Humanities,8733 NONCOMMERCIAL RESEARCH ORGANIZATIONS/ 8732 COMMERCIAL NONPHYSICAL RESEARCH,"Liberty,  free markets,  prosperity,  Collaboration,  Transparency,  Kentucky,  Wiki,  Education,  Lousiville,  Government watch dog,  Responsibility,  Freedom,  Frankfort,  conservative,  school choice",,1,0,1,0,128,0,0,0,1
CAESAR RODNEY INSTITUTE,501(c)(3),262176691,False,DE,,2008.0,"420 Corporate Blvd  / Newark, DE 19702 / HTTP://WWW.CAESARRODNEY.ORG",Citizen Participation (W24),813410 Civic and Social Organizations,"8641 Civic and Social Associations/ 8699 Membership Organizations, NEC",,,1,0,1,0,323,0,0,0,1
CAPITAL RESEARCH CENTER,501(c)(3),521289734,False,DC,,1983.0,"1513 16th St NW  / Washington, DC 20036 / WWW.CAPITALRESEARCH.ORG",Philanthropy / Charity / Voluntarism Promotion (General) (T50),813219 Other Grantmaking and Giving Services,"8399 SOCIAL SERVICES, NEC",,,1,0,1,1,2742,0,0,0,2
CASCADE POLICY INSTITUTE,501(c)(3),931045925,False,OR,,1996.0,"4850 SW Scholls Ferry Road Suite 103 / Portland, OR 97225 USA/                             Mr. John  Charles                           /                                 Primary Contact Phone: (503) 2420900                              / info@CascadePolicy.org/ President & CEO/ http://cascadepolicy.org/                                 Main Office Phone: (503) 242-0900                              / 4850 SW Scholls Ferry Road Suite 103 / Portland, OR 97225 / 4850 SW Scholls Ferry Road Suite 103 / Portland, OR 97225 ",Research Institutes and/or Public Policy Analysis (B05),541720 Research and Development in the Social Sciences and Humanities,8733 Noncommercial Research Organizations/ 8732 Commercial Nonphysical Research,"free-market,  limited government,  individual liberty,  personal responsibility,  economic opportunity,  freedom,  public policy",,1,0,1,1,2525,0,0,0,1
CATO INSTITUTE,501(c)(3),237432162,False,DC,,1975.0,"1000 Massachusetts Ave NW  / Washington, DC 20001 USA/                              Khristine  Brookes                           / kbrookes@cato.org/ Vice President of Communications/ www.cato.org/                                 Main Office Phone: (202) 842-0200                              / 1000 Massachusetts Ave NW  / Washington, DC 20001 / 1000 Massachusetts Ave NW  / Washington, DC 20001 ",Research Institutes and/or Public Policy Analysis (B05),541720 Research and Development in the Social Sciences and Humanities,8733 Noncommercial Research Organizations/ 8732 Commercial Nonphysical Research,"liberty,  freedom,  civil rights,  constitution,  individual rights,  free speech,  liberties,  economic liberty,  libertarian,   school choice,  social security reform,  free trade,  free markets,  free enterprise,  limited government,  peace,  private property rights",,1,0,1,1,3175,0,0,0,2
CENTER FOR CONSUMER FREEDOM,501(c)(3),260006579,False,LE,,2002.0,"1090 Vermont Ave NW Ste 800  / Washington, DC 20005 / SEE SCHEDULE O",Civil Liberties Advocacy (R60),813311 Human Rights Organizations,"8399 SOCIAL SERVICES, NEC",,,0,1,1,0,3887,0,0,0,0
CENTER FOR FREEDOM AND PROSPERITY FOUNDATION,501(c)(3),542009193,False,VA,,2001.0,"PO Box 10882  / Alexandria, VA 22310 / www.freedomandprosperity.org",Research Institutes and/or Public Policy Analysis (W05),541720 Research and Development in the Social Sciences and Humanities,8733 NONCOMMERCIAL RESEARCH ORGANIZATIONS/ 8732 COMMERCIAL NONPHYSICAL RESEARCH,,,0,1,1,1,1156,0,0,0,0
CENTER FOR INDIVIDUAL FREEDOM,501(c)(4),541916980,False,VA,,1999.0,"1727 King St Ste 105  Alexandria VA 22314-2761/ Alexandria, VA 22314 / WWW.CFIF.ORG","Civil Rights, Social Action, and Advocacy N.E.C. (R99)",813311 Human Rights Organizations,"8399 Social Services, NEC",,,1,0,1,1,422,0,0,0,0
CENTER FOR LIQUEFIED NATURAL GAS,501(c)(6),261608721,True,DC,,2009.0,"1220 L St NW Fl 9  / Washington, DC 20005 / WWW.LNGFACTS.ORG",Promotion of Business (Chambers of Commerce) (S41),813910 Business Associations,"8611 BUSINESS ASSOCIATIONS/ 8699 MEMBERSHIP ORGANIZATIONS, NEC",,,1,0,1,0,1118,0,0,0,0
CENTER FOR THE STUDY OF CARBON DIOXIDE AND GLOBAL CHANGE,501(c)(3),860902777,True,AZ,,1998.0,"5219 S Reseda St  / Gilbert, AZ 85298 / www.co2science.org",Hospitals and Primary Medical Care Facilities (E20),622110 General Medical and Surgical Hospitals,"8062 GENERAL MEDICAL AND SURGICAL HOSPITALS/ 8069 SPECIALTY HOSPITALS, EXCEPT PSYCHIATRIC",,,1,0,1,1,1633,0,0,0,0
CENTER OF THE AMERICAN EXPERIMENT,501(c)(3),363611426,False,MN,,1989.0,"8421 Wayzata Blvd Ste 110  Minneapolis MN 55426-1353/ Minneapolis, MN 55426 / www.americanexperiment.org",Other Youth Development N.E.C. (O99),624110 Child and Youth Services,8322 Individual and Family Services,,,1,0,1,1,1487,0,0,0,1
CHAMBER OF COMMERCE OF THE UNITED STATES OF AMERICA,501(c)(6),530045720,False,DC,,1940.0,"1615 H St NW  Washington DC 20062-0001/ Washington, DC 20062 / www.uschamber.com",Promotion of Business (Chambers of Commerce) (S41),813910 Business Associations,"8611 BUSINESS ASSOCIATIONS/ 8699 MEMBERSHIP ORGANIZATIONS, NEC",,,1,0,1,0,495,0,0,0,0
CITIZENS AGAINST GOVERNMENT WASTE,501(c)(3),521363952,False,DC,,1984.0,"1100 Connecticut Ave., NW Suite 650 / Washington, DC 20036 USA/ / WWW.CAGW.ORG/                                 Main Office Phone: (202) 467-5300 Ext 20036                              / 1100 Connecticut Ave., NW Suite 650 / Washington, DC 20036 ",Citizen Participation (W24),813410 Civic and Social Organizations,"8641 Civic and Social Associations/ 8699 Membership Organizations, NEC",,,1,0,1,0,3132,0,0,0,2
CLARE BOOTHE LUCE POLICY INSTITUTE,501(c)(3),541672138,False,VA,,1993.0,"112 Elden Street Suite P / Herndon, VA 20170 USA/                              Camille  Hart                           /                                 Primary Contact Phone: (817) 691- Ext 9672                              / chart@cblpi.org/ Events Director/ www.cblpi.org/                                 Main Office Phone: (703) 318-0730                              / 112 Elden Street Suite P / Herndon, VA 20170 / 112 Elden Street Suite P / Herndon, VA 20170 ",Educational Services and Schools - Other (B90)/ Leadership Development (W70),611710 Educational Support Services,"8299 SCHOOLS AND EDUCATIONAL SERVICES/ 8748 BUSINESS CONSULTING, NEC",conservative women leaders,,1,0,1,1,612,0,0,0,0
CO2 COALITION,501(c)(3),473722575,True,VA,,2015.0,"1621 N Kent St Ste 603  / Arlington, VA 22209 / CO2COALITION.ORG",Environmental Education and Outdoor Survival Programs (C60),712190 Nature Parks and Other Similar Institutions,"7999 Amusement and Recreation, NEC/ 8422 Botanical and Zoological Gardens",,,1,0,1,1,3723,0,0,0,0
COMMITTEE FOR A CONSTRUCTIVE TOMORROW,501(c)(3),521462893,True,DC,,1987.0,"1717 Pennsylvania Ave NW Ste 1025  / Washington, DC 20006 / WWW.CFACT.ORG","Printing, Publishing (A33)",511199 All Other Publishers,2741 MISCELLANEOUS PUBLISHING,,,1,0,1,1,3061,0,0,1,0
COMMONWEALTH FOUNDATION,501(c)(3),746047137,False,PA,,1988.0,"225 STATE ST STE 302  / HARRISBURG, PA 17101 USA/                              Charles  Mitchell                           /                                 Primary Contact Phone: (717) 671-1901                              / info@commonwealthfoundation.org/ President/ www.CommonwealthFoundation.org/                                 Main Office Phone: (717) 671-1901                              / 225 STATE ST STE 302  / HARRISBURG, PA 17101 ",Research Institutes and/or Public Policy Analysis (W05),541720 Research and Development in the Social Sciences and Humanities,8733 Noncommercial Research Organizations/ 8732 Commercial Nonphysical Research,public policy research,,1,0,1,0,3030,0,0,0,1
COMPETITIVE ENTERPRISE INSTITUTE,501(c)(3),521351785,False,DC,,1984.0,"1310 L Street NW 7th Floor / Washington, DC 20005 USA/                             Ms. Annie  Dwyer                           /                                 Primary Contact Phone: (202) 331-1010                              / annie.dwyer@cei.org/ Vice President of Communications/ http://www.cei.org//                                 Main Office Phone: (202) 331-1010                              / 1310 L Street NW 7th Floor / Washington, DC 20005 / 1310 L Street NW 7th Floor / Washington, DC 20005 ",Research Institutes and/or Public Policy Analysis (V05),541720 Research and Development in the Social Sciences and Humanities,8733 Noncommercial Research Organizations/ 8732 Commercial Nonphysical Research,"free markets,  individual freedom,  limited government,  consumer welfare,  liberty,  capitalism,  climate,  regulations,  deregulation,  regulatory reform",,1,0,1,1,1708,0,0,1,2
CONSUMER ACTION FOR A STRONG ECONOMY,501(c)(4),814138103,False,VA,,2017.0,"2221 S Clark St  / Arlington, VA 22202 / CASEFORCONSUMERS.ORG",Community Coalitions (S21),813410 Civic and Social Organizations,"8641 CIVIC AND SOCIAL ASSOCIATIONS/ 8699 MEMBERSHIP ORGANIZATIONS, NEC",,,1,0,1,0,528,0,0,0,0
CONSUMER CHOICE CENTER,501(c)(4),842358602,False,,,,,,,,,,1,0,1,0,1170,0,0,0,0
CONSUMER ENERGY ALLIANCE,501(c)(4),261658339,True,TX,,2008.0,"2211 Norfolk St  / Houston, TX 77098 / www.consumerenergyalliance.org",Public Utilities (W80),221 Utilities,,,,1,0,1,0,3408,0,0,0,0
CORNWALL ALLIANCE FOR THE STEWARDSHIP OF CREATION,501(c)(3),832237067,False,,,,,,,,,,1,0,1,1,413,0,0,0,0
DAILY CALLER NEWS FOUNDATION THE,501(c)(3),452922471,False,DC,,2013.0,"1920 L St NW Ste 205  / Washington, DC 20036 / N/A","Printing, Publishing (A33)",511199 All Other Publishers,2741 MISCELLANEOUS PUBLISHING,,,1,0,1,1,786,0,0,0,0
DISCOVERY INSTITUTE,501(c)(3),911521697,False,WA,,1996.0,"208 Columbia St  / Seattle, WA 98104 / WWW.DISCOVERY.ORG",Unknown (Z99),,,,,0,1,1,1,3354,0,0,0,0
DOCTORS FOR DISASTER PREPAREDNESS,501(c)(3),592414338,True,AZ,,1984.0,"1601 N Tucson Blvd Ste 9  / Tucson, AZ 85716",Health - General and Rehabilitative N.E.C. (E99),621999 All Other Miscellaneous Ambulatory Health Care Services,"8099 HEALTH AND ALLIED SERVICES, NEC",,,1,0,1,1,2455,0,0,0,0
DOMESTIC ENERGY PRODUCERS ALLIANCE,501(c)(6),264396861,True,OK,,2010.0,"PO Box 33190  / Tulsa, OK 74153 / www.depausa.org",Research Institutes and/or Public Policy Analysis (Y05),541720 Research and Development in the Social Sciences and Humanities,8733 NONCOMMERCIAL RESEARCH ORGANIZATIONS/ 8732 COMMERCIAL NONPHYSICAL RESEARCH,,,1,0,1,1,3330,0,0,0,0
E PLURIBUS UNUM FILMS,501(c)(3),912053400,False,WA,,2000.0,"2247 15th Ave W  / Seattle, WA 98119",Television (A32),515120 Television Broadcasting,4833 TELEVISION BROADCASTING STATIONS,,,1,0,1,1,1430,0,0,0,0
EAGLE FORUM,501(c)(4),510189035,False,IL,,1976.0,"200 W 3rd St Ste 502  / Alton, IL 62002 / WWW.EAGLEFORUM.ORG",Right to Life (R62),813311 Human Rights Organizations,"8399 SOCIAL SERVICES, NEC",,,0,1,1,1,3161,0,0,0,0
EDISON ELECTRIC INSTITUTE,501(c)(6),130659550,True,DC,,1942.0,"701 Pennsylvania Ave NW  Washington DC 20004-2608/ Washington, DC 20004 / WWW.EEI.ORG",Promotion of Business (Chambers of Commerce) (S41),813910 Business Associations,"8611 BUSINESS ASSOCIATIONS/ 8699 MEMBERSHIP ORGANIZATIONS, NEC",,,1,0,1,1,1201,1,0,0,0
EMPOWERMENT ALLIANCE THE,501(c)(4),842875437,True,,,,,,,,,,1,0,1,0,2311,0,0,0,0
ENERGY & ENVIRONMENT LEGAL INSTITUTE,501(c)(3),264239065,True,DC,,2009.0,"722 12th St NW  / Washington, DC 20005 / WWW.EELEGAL.ORG",Research Institutes and/or Public Policy Analysis (C05),541720 Research and Development in the Social Sciences and Humanities,8733 NONCOMMERCIAL RESEARCH ORGANIZATIONS/ 8732 COMMERCIAL NONPHYSICAL RESEARCH,,,1,0,1,1,2283,0,0,0,2
ETHAN ALLEN INSTITUTE,501(c)(3),223092292,False,VT,,1991.0,"4836 Kirby Mountain Rd  Concord VT 05824-9798/ Concord, VT 05824 / www.ethanallen.org",Research Institutes and/or Public Policy Analysis (A05),541720 Research and Development in the Social Sciences and Humanities,8733 NONCOMMERCIAL RESEARCH ORGANIZATIONS/ 8732 COMMERCIAL NONPHYSICAL RESEARCH,,,1,0,1,0,3172,0,0,0,1
FEDERALIST SOCIETY FOR LAW AND PUBLIC POLICY STUDIES,501(c)(3),363235550,False,DC,,1983.0,"1776 I St NW Suite 300 / WASHINGTON, DC 20006 USA/                              Cynthia  Searcy                           /                                 Primary Contact Phone: (202) 822-8138                              / cynthia.searcy@fed-soc.org/ Vice President & Director, Development/ https://fedsoc.org//                                 Main Office Phone: (202) 822-8138                              / 1776 I St NW Suite 300 / WASHINGTON, DC 20006 / 1776 I St NW Suite 300 / WASHINGTON, DC 20006 ","Law, International Law, and Jurisprudence (V26)",541720 Research and Development in the Social Sciences and Humanities,8733 NONCOMMERCIAL RESEARCH ORGANIZATIONS/ 8732 COMMERCIAL NONPHYSICAL RESEARCH,,,1,0,1,1,2433,0,0,0,2
FOUNDATION FOR ECONOMIC EDUCATION,501(c)(3),136006960,False,GA,,1947.0,"1819 Peachtree Road NE Suite 300 / Atlanta, GA 30309 USA/                             Mr. Richard N Lorenc                           /                                 Primary Contact Phone: (404) 554-9980                              / rlorenc@fee.org/ Executive Vice President/ FEE.org/                                 Main Office Phone: (404) 554-9980                              / 1819 Peachtree Road NE Suite 300 / Atlanta, GA 30309 ",Research Institutes and/or Public Policy Analysis (B05)/ Economics (as a Social Science) (V22)/ Other Youth Development N.E.C. (O99),541720 Research and Development in the Social Sciences and Humanities,8733 NONCOMMERCIAL RESEARCH ORGANIZATIONS/ 8732 COMMERCIAL NONPHYSICAL RESEARCH,"Freedom,  Entrepreneurship,  Private Property,  Philosophy,  Education,  Free-Market,  Economics,  Character,  Free-Enterprise,  Civil Society",,1,0,1,1,3290,0,0,0,2
FOUNDATION FOR RESEARCH ON ECONOMICS AND THE ENVIRONMENT,501(c)(3),943170425,False,MT,,1996.0,"PO Box 555  Gallatin Gateway MT 59730-0555/ Gallatin Gateway, MT 59730",Unknown (Z99),,,,,1,0,1,0,3590,0,0,0,0
FREE THE PEOPLE,501(c)(3),475598652,False,DC,,2016.0,"611 Pennsylvania Avenue SE #259  / Washington, DC 20003 USA/                              Terry  Kibbe                           / tkibbe@freethepeople.org/ Chief Executive Officer/ https://freethepeople.org/ 611 Pennsylvania Avenue SE #259  / Washington, DC 20003 ","Civil Rights, Social Action, and Advocacy N.E.C. (R99)",813311 Human Rights Organizations,"8399 SOCIAL SERVICES, NEC","education,  advocacy",,1,0,1,1,856,0,0,0,2
FREE TO CHOOSE NETWORK,501(c)(3),521455677,False,PA,,1986.0,"2002 Filmore Avenue  / Erie, PA 16506 USA/                             Mrs. Cindee  Behrendt                           /                                 Primary Contact Phone: (814) 833-7140 Ext 101                              / clb3@freetochoosenetwork.org/ Director of Corporate Affairs/ http://www.freetochoosenetwork.org/                                 Main Office Phone: (814) 833-7140                              / 2002 Filmore Avenue  / Erie, PA 16506 / 2002 Filmore Avenue  / Erie, PA 16506 ","Film, Video (A31)/ Educational Services and Schools - Other (B90)",512110 Motion Picture and Video Production,7812 MOTION PICTURE AND VIDEO PRODUCTION,"educational, video, economics, Friedman, de Soto, freedom, Stossel, Idea Channel, izzit, izzit.org, free to choose, school choice, students, teachers",,1,0,1,0,178,0,0,0,2
FREEDOMWORKS,501(c)(4),521349353,False,DC,FREEDOMWORKS,1984.0,"111 K St NE Fl 6  / Washington, DC 20002 / https://www.freedomworks.org/","Public Finance, Taxation, Monetary Policy (W22)",813410 Civic and Social Organizations,"8641 Civic and Social Associations/ 8699 Membership Organizations, NEC",,,1,0,1,1,2434,0,0,1,2
FREEDOMWORKS FOUNDATION,501(c)(3),521526916,False,DC,FREEDOMWORKS,1989.0,"111 K St NE Suite 600 / Washington, DC 20002 USA/                             Ms. Parissa  Sedghi                           /                                 Primary Contact Phone: (202) 942-7645                              / psedghi@freedomworks.org/ Vice President of Development/ www.freedomworks.org/foundation/                                 Main Office Phone: (202) 783-3870                              / 111 K St NE Suite 600 / Washington, DC 20002 / 111 K St NE Suite 600 / Washington, DC 20002 ","Research Institutes and/or Public Policy Analysis (B05)/ Public, Society Benefit - Multipurpose and Other N.E.C. (W99)/ Public Finance, Taxation, Monetary Policy (W22)",541720 Research and Development in the Social Sciences and Humanities,8733 NONCOMMERCIAL RESEARCH ORGANIZATIONS/ 8732 COMMERCIAL NONPHYSICAL RESEARCH,"Conservative, Free-market, Limited Government, Free Enterprise, Individual Freedom",,1,0,1,1,3468,0,0,0,2
FRONTIERS OF FREEDOM INSTITUTE AND FOUNDATION,501(c)(3),541773197,False,VA,,2014.0,"4094 Majestic Ln Ste 380  / Fairfax, VA 22033 / http://www.ffinst.org","International Affairs, Foreign Policy, & Globalization (Q50)",541720 Research and Development in the Social Sciences and Humanities,8733 NONCOMMERCIAL RESEARCH ORGANIZATIONS/ 8732 COMMERCIAL NONPHYSICAL RESEARCH,,,1,0,1,1,166,0,0,0,0
FUTURE OF FREEDOM FOUNDATION,501(c)(3),742543375,False,VA,,1989.0,"11350 Random Hills Rd  Fairfax VA 22030-6044/ Fairfax, VA 22030 / www.fff.org","Professional Societies, Associations (R03)",813920 Professional Organizations,8621 PROFESSIONAL ORGANIZATIONS,,,0,1,1,1,3736,0,0,0,0
GENETIC LITERACY PROJECT,501(c)(3),521844456,False,NY,,1994.0,"155 Water Street Suite 4/12 / Brooklyn, NY 11201 USA/                              Trevor W Butterworth                           /                                 Primary Contact Phone: (202) 8412868                              / trevor@sensci.org/ Director, Sense About Science USA/ www.stats.org",(Government and Public Administration) (W20),813410 Civic and Social Organizations,"8641 CIVIC AND SOCIAL ASSOCIATIONS/ 8699 MEMBERSHIP ORGANIZATIONS, NEC",,,1,0,1,0,2721,0,0,0,0
GEORGIA PUBLIC POLICY FOUNDATION,501(c)(3),581943161,False,GA,,1991.0,"3200 Cobb Galleria Parkway Suite 214 / Atlanta, GA 30339 USA/                             Mr. Kyle  Wingfield                           /                                 Primary Contact Phone: (404) 256-4050                              / kylew@georgiapolicy.org/ President and CEO/ www.georgiapolicy.org/                                 Main Office Phone: (404) 256-4050                              / 3200 Cobb Galleria Parkway Suite 214 / Atlanta, GA 30339 / 3200 Cobb Galleria Parkway Suite 214 / Atlanta, GA 30339 ",Research Institutes and/or Public Policy Analysis (R05),541720 Research and Development in the Social Sciences and Humanities,8733 NONCOMMERCIAL RESEARCH ORGANIZATIONS/ 8732 COMMERCIAL NONPHYSICAL RESEARCH,free market public policy research education taxes health care transporation environment,,1,0,1,1,3483,0,0,0,1
GOVERNMENT ACCOUNTABILITY AND OVERSIGHT,501(c)(3),824033903,False,VA,,2018.0,"324 Logtrac Rd  / Stanardsville, VA 22973 / govoversight.org",Government and Public Administration (W20),813410 Civic and Social Organizations,"8641 CIVIC AND SOCIAL ASSOCIATIONS/ 8699 MEMBERSHIP ORGANIZATIONS, NEC",,,1,0,1,1,125,0,0,0,0
HEARTLAND INSTITUTE,501(c)(3),363309812,False,IL,,1984.0,"3939 N Wilke Rd  / Arlington Heights, IL 60004 USA/                             Mr. David C Hoyt                           /                                 Primary Contact Phone: (312) 377-4000                              / dhoyt@heartland.org/ Executive Director of Development/ www.heartland.org/                                 Main Office Phone: (312) 377-4000                              / 3939 N Wilke Rd  / Arlington Heights, IL 60004 ",Research Institutes and/or Public Policy Analysis (B05)/ Research Institutes and/or Public Policy Analysis (P05)/ Research Institutes and/or Public Policy Analysis (W05),541720 Research and Development in the Social Sciences and Humanities,8733 NONCOMMERCIAL RESEARCH ORGANIZATIONS/ 8732 COMMERCIAL NONPHYSICAL RESEARCH,"budget,  climate change,  digital economy,  education,  environment,  free market,  freedom,  global warming,  government,  health care,  information technology,  junk science,  lawsuit abuse,  libertarian,  multicultural,  private property,  privatization,  public policy,  school reform,  second hand smoke,  smoker,  smoking,  sound science,  taxes,  tax reform,  think tank,  tobacco,  tort reform,  welfare",,1,0,1,1,1290,0,0,1,2
HERITAGE ACTION FOR AMERICA,501(c)(4),272244700,False,DC,HERITAGE FOUNDATION,2010.0,"214 Massachusetts Ave NE Ste 400  / Washington, DC 20002 / WWW.HERITAGEACTION.COM",Alliance/Advocacy Organizations (E01),813319 Other Social Advocacy Organizations,"8399 Social Services, NEC/ 8641 Civic and Social Associations",,,1,0,1,1,2552,0,0,0,2
HERITAGE FOUNDATION,501(c)(3),411275875,False,DC,HERITAGE FOUNDATION,1973.0,"214 Massachusetts Ave NE  / Washington, DC 20002 USA/                             Mr. Carsten  Walter                           /                                 Primary Contact Phone: (202) 608-6034                              / carsten.walter@heritage.org/ Vice President, Development Operations/ http://www.heritage.org","Public Finance, Taxation, Monetary Policy (W22)/ Citizen Participation (W24)/ Public, Society Benefit - Multipurpose and Other N.E.C. (W99)",813410 Civic and Social Organizations,"8641 Civic and Social Associations/ 8699 Membership Organizations, NEC","Conservative,  Free-market,  Think tank,  Limited government,  traditional American values,  strong national defense,  free enterprise,  individual freedom",,1,0,1,1,1955,0,0,0,2
HOOVER INSTITUTION,501(c)(3),0,False,,,,,,,,,Housed within Stanford University,1,0,1,1,345,0,0,0,0
HUDSON INSTITUTE,501(c)(3),131945157,False,DC,,1963.0,"1201 Pennsylvania Avenue N.W. Suite 400 / Washington, DC 20004 USA/                             Dr. Kenneth R.   Weinstein                           /                                 Primary Contact Phone: (202) 974-2400                              / kweinstein@hudson.org/ President and CEO/ http://www.hudson.org/                                 Main Office Phone: (202) 9742400                              / 1201 Pennsylvania Avenue N.W. Suite 400 / Washington, DC 20004 / 1201 Pennsylvania Avenue N.W. Suite 400 / Washington, DC 20004 ","Public, Society Benefit - Multipurpose and Other N.E.C. (W99)/ Public, Society Benefit - Multipurpose and Other N.E.C. (W99)/ Government and Public Administration (W20)",813410 Civic and Social Organizations,"8641 CIVIC AND SOCIAL ASSOCIATIONS/ 8699 MEMBERSHIP ORGANIZATIONS, NEC","Study,  research, debate, ideas, public policy, foreign policy, think tank, war on terror,  democracy,  free markets, analysis, ecurity, defense, Islam, economics, Asia, futurology, human rights, philanthropy, biotechnology, Latin America, employment, housing, civil justice reform, immigration, Middle East, international health, Europe, Russia, agriculture, culture, law, technology,  China,  nonproliferation,  arms control",,1,0,1,0,3317,0,0,0,0
INDEPENDENCE INSTITUTE,501(c)(3),840990300,False,CO,,1985.0,"727 E 16th Ave  / Denver, CO 80203 / N/A",Research Institutes and/or Public Policy Analysis (W05),541720 Research and Development in the Social Sciences and Humanities,8733 NONCOMMERCIAL RESEARCH ORGANIZATIONS/ 8732 COMMERCIAL NONPHYSICAL RESEARCH,,,1,0,1,0,2792,0,0,0,1
INDEPENDENT INSTITUTE,501(c)(3),943008370,False,CA,,1986.0,"100 Swan Way  / Oakland, CA 94621 USA/                             Mr. Martin  Buerger                           /                                 Primary Contact Phone: (510) 632-1366 Ext 110                              / mbuerger@independent.org/ Vice President and Chief Operating Officer/ http://www.independent.org/                                 Main Office Phone: (510) 632-1366                              / 100 Swan Way  / Oakland, CA 94621 / 100 Swan Way  / Oakland, CA 94621 ",Research Institutes and/or Public Policy Analysis (W05)/ Research Institutes and/or Public Policy Analysis (Q05)/ Economics (as a Social Science) (V22),541720 Research and Development in the Social Sciences and Humanities,8733 NONCOMMERCIAL RESEARCH ORGANIZATIONS/ 8732 COMMERCIAL NONPHYSICAL RESEARCH,"Social Benefit,  Public Policy,  Research,  Publications,  Education",,1,0,1,1,2623,0,0,1,2
INDEPENDENT PETROLEUM ASSOCIATION OF AMERICA,501(c)(6),730296927,True,DC,,1960.0,"1201 15th St NW Ste 300  / Washington, DC 20005 / WWW.IPAA.ORG",Education N.E.C. (B99),611 Educational Services,,,,1,0,1,0,2978,1,0,0,0
INDEPENDENT PETROLEUM ASSOCIATION OF NEW MEXICO,501(c)(6),850267696,True,NM,,1979.0,"PO Box 6101  / Roswell, NM 88202 / WWW.IPANM.ORG",Promotion of Business (Chambers of Commerce) (S41),813910 Business Associations,"8611 Business Associations/ 8699 Membership Organizations, NEC",,,1,0,1,0,3334,0,0,0,0
INDEPENDENT WOMEN'S FORUM,501(c)(3),541670627,False,VA,,1993.0,"4 Weems Lane #312 / Winchester, VA 22601 USA/                             Ms. Carrie  Lukas                           /                                 Primary Contact Phone: (202) 807-9986                              / carrie.lukas@iwf.org/ President/ www.iwf.org/                                 Main Office Phone: (202) 807-9986                              / 4 Weems Lane #312 / Winchester, VA 22601 / 4 Weems Lane #312 / Winchester, VA 22601 ",Research Institutes and/or Public Policy Analysis (W05),541720 Research and Development in the Social Sciences and Humanities,8733 NONCOMMERCIAL RESEARCH ORGANIZATIONS/ 8732 COMMERCIAL NONPHYSICAL RESEARCH,"women,  culture,  public policy",,1,0,1,1,1782,0,0,0,2
INDIANA POLICY REVIEW FOUNDATION,501(c)(3),351758480,False,IN,,1989.0,"PO Box 5166  / Fort Wayne, IN 46895 / WWW.INPOLICY.ORG","Professional Societies, Associations (W03)",813920 Professional Organizations,8621 PROFESSIONAL ORGANIZATIONS,,,0,1,1,1,3322,0,0,0,0
INDUSTRIAL ENERGY CONSUMERS OF AMERICA,501(c)(6),222466569,True,DC,,1984.0,"1776 K St NW Ste 720  / Washington, DC 20006 / N/A",Public Utilities (W80),221 Utilities,,,,1,0,1,0,3903,0,0,0,0
INSTITUTE FOR ENERGY RESEARCH,501(c)(3),760149778,True,DC,,1985.0,"1155 15th St NW Ste 900  / Washington, DC 20005 / WWW.INSTITUTEFORENERGYRESEARCH.ORG",Research Institutes and/or Public Policy Analysis (C05),541720 Research and Development in the Social Sciences and Humanities,8733 NONCOMMERCIAL RESEARCH ORGANIZATIONS/ 8732 COMMERCIAL NONPHYSICAL RESEARCH,,,1,0,1,1,165,0,0,0,0
INSTITUTE FOR POLICY INNOVATION,501(c)(3),752158093,False,TX,,1987.0,"1320 Greenway Drive Ste 820 / Irving, TX 75038 USA/                             Mr. Tom  Giovanetti                           /                                 Primary Contact Phone: (972) 874-5121                              / tomg@ipi.org/ President/ www.ipi.org/                                 Main Office Phone: (972) 874-5139                              ",Research Institutes and/or Public Policy Analysis (B05)/ Research Institutes and/or Public Policy Analysis (R05)/ Research Institutes and/or Public Policy Analysis (W05),541720 Research and Development in the Social Sciences and Humanities,8733 NONCOMMERCIAL RESEARCH ORGANIZATIONS/ 8732 COMMERCIAL NONPHYSICAL RESEARCH,"tax policy,  technology policy,  intellectual property,  Social Security,  conservative,  libertarian,  economic growth,  supply side",,1,0,1,1,3497,0,0,0,0
INTERSTATE NATURAL GAS ASSOCIATION OF AMERICA,501(c)(6),730529079,True,DC,,1946.0,"20 F St NW Ste 450  / Washington, DC 20001 / WWW.INGAA.ORG",Promotion of Business (Chambers of Commerce) (S41),813910 Business Associations,"8611 BUSINESS ASSOCIATIONS/ 8699 MEMBERSHIP ORGANIZATIONS, NEC",,,1,0,1,0,1747,1,0,0,0
JAMES G. MARTIN CENTER FOR ACADEMIC RENEWAL,501(c)(3),161686283,False,NC,,2004.0,"353 E Six Forks Rd Ste 200 / Raleigh, NC 27609 USA/                             Dr. Jenna A Robinson                           /                                 Primary Contact Phone: (919) 828-1400                              / jarobinson@jamesgmartin.center/ President/ www.jamesgmartin.center/                                 Main Office Phone: (919) 828-1400                              / 353 E Six Forks Rd Ste 200 / Raleigh, NC 27609 / 353 E Six Forks Rd Ste 200 / Raleigh, NC 27609 ",Research Institutes and/or Public Policy Analysis (B05),541720 Research and Development in the Social Sciences and Humanities,8733 NONCOMMERCIAL RESEARCH ORGANIZATIONS/ 8732 COMMERCIAL NONPHYSICAL RESEARCH,"Higher education, policy, University of North Carolina, reform",(fka JOHN W POPE CENTER FOR HIGHER EDUCATION),0,1,1,1,822,0,0,0,2
JAMES MADISON INSTITUTE,501(c)(3),592811908,False,FL,,1987.0,"PO Box 10150  / Tallahassee, FL 32302 / JAMESMADISON.ORG",Research Institutes and/or Public Policy Analysis (W05),541720 Research and Development in the Social Sciences and Humanities,8733 NONCOMMERCIAL RESEARCH ORGANIZATIONS/ 8732 COMMERCIAL NONPHYSICAL RESEARCH,,,1,0,1,1,2778,0,0,0,1
JOHN LOCKE FOUNDATION,501(c)(3),561656943,False,AN,,1990.0,"200 W. MORGAN ST. 200 / RALEIGH, NC 27601 USA/ / WWW.JOHNLOCKE.ORG/                                 Main Office Phone: (919) 828-3876                              / 200 W. MORGAN ST. 200 / RALEIGH,  27601 ",Private Grantmaking Foundations (T20),813211 Grantmaking Foundations,"6732 TRUSTS: EDUCATIONAL, RELIGIOUS, ETC.",,,1,0,1,1,3861,0,0,0,1
JOSIAH BARTLETT CENTER FOR PUBLIC POLICY,501(c)(3),223235650,False,NH,,2018.0,"PO Box 897  / Concord, NH 03302 / www.jbartlett.org",Political Science (V24),541720 Research and Development in the Social Sciences and Humanities,8733 NONCOMMERCIAL RESEARCH ORGANIZATIONS/ 8732 COMMERCIAL NONPHYSICAL RESEARCH,,,1,0,1,0,2217,0,0,0,1
JUDICIAL WATCH,501(c)(3),521885088,False,DC,,1995.0,"425 Third St, SW Ste 800 / Washington, DC 20024 USA/                              Steve  Andersen                           /                                 Primary Contact Phone: (202) 646-5172                              / info@judicialwatch.org/ Director of Development/ www.judicialwatch.org/                                 Main Office Phone: (202) 646-5172                              ",Nonmonetary Support N.E.C. (W19),813219 Other Grantmaking and Giving Services,"8399 Social Services, NEC","Legal,  Watchdog,  Non-Profit,  Education",,0,1,1,0,3511,0,0,0,0
JUST FACTS FOUNDATION,501(c)(3),208725168,False,NJ,,2007.0,"184 Columbia Tpke Ste 281 / Florham Park, NJ 07932 /                             Mr. Stephen  Cardone                           /                                 Primary Contact Phone: (800) 5267241                              / steve@justfacts.com/ Vice President/ www.justfacts.com","Media, Communications Organizations (A30)",51 Information,,"Research,  education",,1,0,1,1,2788,0,0,0,0
KANSAS OIL AND GAS RESOURCES FUND,501(c)(6),260750621,True,KS,KANSAS INDEPENDENT OIL AND GAS ASSOCIATION,2007.0,"PO Box 757  / Wichita, KS 67201 / WWW.KANSASSTRONG.COM/KOGRF",Promotion of Business (Chambers of Commerce) (S41),813910 Business Associations,"8611 BUSINESS ASSOCIATIONS/ 8699 MEMBERSHIP ORGANIZATIONS, NEC",,,1,0,1,1,2272,0,0,0,0
KANSAS INDEPENDENT OIL AND GAS ASSOCIATION,501(c)(6),480289485,True,KS,KANSAS INDEPENDENT OIL AND GAS ASSOCIATION,1939.0,"229 E William St Ste 211  / Wichita, KS 67202 / KIOGA.ORG",Alliance/Advocacy Organizations (S01),813319 Other Social Advocacy Organizations,"8399 SOCIAL SERVICES, NEC/ 8641 CIVIC AND SOCIAL ASSOCIATIONS",,,1,0,1,1,2922,1,0,0,0
LEXINGTON INSTITUTE,501(c)(3),541880642,False,VA,,1998.0,"1600 Wilson Blvd Ste 203  / Arlington, VA 22209 / WWW.LEXINGTONINSTITUTE.ORG",Research Institutes and/or Public Policy Analysis (R05),541720 Research and Development in the Social Sciences and Humanities,8733 NONCOMMERCIAL RESEARCH ORGANIZATIONS/ 8732 COMMERCIAL NONPHYSICAL RESEARCH,,,1,0,1,0,3185,0,0,0,0
LIBERTARIAN INSTITUTE THE,501(c)(3),832869616,False,,,,,,,,,,1,0,1,1,487,0,0,0,0
LIBERTY FUND,501(c)(3),351320021,False,IN,,1962.0,"11301 N Meridian  / Carmel, IN 46032 USA/                              Emilio  Pacheco                           /                                 Primary Contact Phone: (317) 8420880                              / epacheco@libertyfund.org/ President & CEO/ www.libertyfund.org/                                 Main Office Phone: (317) 842-0880                              / 11301 N Meridian  / Carmel, IN 46032 / 11301 N Meridian  / Carmel, IN 46032 ",Private Operating Foundations (T23)/ Named Trusts/Foundations N.E.C. (T90)/ Education N.E.C. (B99),813211 Grantmaking Foundations,"6732 TRUSTS: EDUCATIONAL, RELIGIOUS, ETC.","Liberty,  Responsibility,  Limited Government,  Freedom",,0,1,1,1,455,0,0,0,0
LIGNITE ENERGY COUNCIL,501(c)(6),450321174,True,ND,,1974.0,"1016 E Owens Ave  Bismarck ND 58501-1900/ Bismarck, ND 58501 / WWW.LIGNITE.COM",Promotion of Business (Chambers of Commerce) (S41),813910 Business Associations,"8611 BUSINESS ASSOCIATIONS/ 8699 MEMBERSHIP ORGANIZATIONS, NEC",,,1,0,1,0,2326,0,0,0,0
LINCOLN INSTITUTION OF PUBLIC OPINION RESEARCH,501(c)(3),251704705,False,PA,,1993.0,"5405 Jonestown Rd Ste 110  / Harrisburg, PA 17112 / WWW.LINCOLNINSTITUTE.ORG","Public, Society Benefit - Multipurpose and Other N.E.C. (W99)",813410 Civic and Social Organizations,"8641 CIVIC AND SOCIAL ASSOCIATIONS/ 8699 MEMBERSHIP ORGANIZATIONS, NEC",,,0,1,1,0,127,0,0,0,0
MACIVER INSTITUTE FOR PUBLIC POLICY,501(c)(3),262639114,False,WI,,2008.0,"10 E Doty St Ste 800  / Madison, WI 53703 / WWW.MACIVERINSTITUTE.COM","Public Finance, Taxation, Monetary Policy (W22)",813410 Civic and Social Organizations,"8641 CIVIC AND SOCIAL ASSOCIATIONS/ 8699 MEMBERSHIP ORGANIZATIONS, NEC",,,0,1,1,1,1162,0,0,0,1
MACKINAC CENTER FOR PUBLIC POLICY,501(c)(3),382701547,False,MI,,1988.0,"140 West Main Street, P.O. Box 568  / Midland, MI 48640-0568 USA/                             Mr. Joseph G Lehman                           /                                 Primary Contact Phone: (989) 631-0900                              / lehman@mackinac.org/ President/ www.mackinac.org/                                 Main Office Phone: (989) 631-0900                              / 140 West Main Street  / Midland, MI 48640 / 140 West Main Street, P.O. Box 568  / Midland, MI 48640-0568 ",Research Institutes and/or Public Policy Analysis (W05),541720 Research and Development in the Social Sciences and Humanities,8733 NONCOMMERCIAL RESEARCH ORGANIZATIONS/ 8732 COMMERCIAL NONPHYSICAL RESEARCH,Public Policy Research and Analysis,,1,0,1,1,8,0,0,0,1
MANHATTAN INSTITUTE FOR POLICY RESEARCH,501(c)(3),132912529,False,NY,,1977.0,"52 Vanderbilt Ave  New York NY 10017-3808/ New York, NY 10017 / MANHATTAN-INSTITUTE.ORG",Government and Public Administration (W20),813410 Civic and Social Organizations,"8641 CIVIC AND SOCIAL ASSOCIATIONS/ 8699 MEMBERSHIP ORGANIZATIONS, NEC",,,1,0,1,1,3370,0,0,0,2
MEDIA RESEARCH CENTER,501(c)(3),541429009,False,VA,,1988.0,"1900 Campus Commons Drive Suite 600 / Reston, VA 20191 USA/                             Mr. Coley  Jackson                           /                                 Primary Contact Phone: (571) 267-3500                              / cjackson@mrc.org/ Vice President of Development/ https://www.mrc.org//                                 Main Office Phone: (571) 267-3500                              / 1900 Campus Commons Drive Suite 600 / Reston, VA 20191 / 1900 Campus Commons Drive Suite 600 / Reston, VA 20191 ",Research Institutes and/or Public Policy Analysis (A05)/ Research Institutes and/or Public Policy Analysis (Q05)/ Research Institutes and/or Public Policy Analysis (W05),541720 Research and Development in the Social Sciences and Humanities,8733 NONCOMMERCIAL RESEARCH ORGANIZATIONS/ 8732 COMMERCIAL NONPHYSICAL RESEARCH,"Media Bias,  Brent Bozell,  Media Research,  Media Center,  Watchdog,  Family,  USA",,1,0,1,1,1157,0,0,0,0
MERCATUS CENTER GEORGE MASON UNIVERSITY,501(c)(3),541436224,False,VA,,1988.0,"3434 Washington Blvd 4th Floor / Arlington, VA 22201 USA/                             Mr. Gary  Leff                           /                                 Primary Contact Phone: (703) 993-4930                              / gleff@mercatus.gmu.edu/ Chief Financial Officer/ http://www.mercatus.org/                                 Main Office Phone: (703) 993-4930                              / 3301 N Fairfax Dr Suite 450  / Arlington, VA 22201 ",Economics (as a Social Science) (V22),541720 Research and Development in the Social Sciences and Humanities,8733 NONCOMMERCIAL RESEARCH ORGANIZATIONS/ 8732 COMMERCIAL NONPHYSICAL RESEARCH,"freedom,  economics,  Mercatus,  market. Free,  research,  university",,1,0,1,0,1401,0,0,0,2
NATIONAL ASSOCIATION OF HOMEBUILDERS,501(c)(6),880359303,False,,,,,,,,,,1,0,1,0,726,0,0,0,0
NATIONAL ASSOCIATION OF MANUFACTURERS,501(c)(6),131084330,False,DC,,1938.0,"733 10th St NW Ste 700  / Washington, DC 20001 / WWW.NAM.ORG",Alliance/Advocacy Organizations (J01),813319 Other Social Advocacy Organizations,"8399 SOCIAL SERVICES, NEC/ 8641 CIVIC AND SOCIAL ASSOCIATIONS",,,1,0,1,0,587,1,0,0,0
NATIONAL ASSOCIATION OF SCHOLARS,501(c)(3),112741490,False,NY,,1991.0,"420 Madison Ave. 7th Floor / New York, NY 10017 USA/                             Mr. Chance  Layton                           /                                 Primary Contact Phone: (917) 551-6770                              / layton@nas.org/ Communication Coordinator/ www.nas.org/                                 Main Office Phone: (917) 551-6770                              / 420 Madison Ave. 7th Floor / New York, NY 10017 / 420 Madison Ave. 7th Floor / New York, NY 10017 / 420 Madison Ave 7th Floor/ New York  10017/ International Tel:  ",Higher Education Institutions (B40),"611310 Colleges, Universities, and Professional Schools",8221 Colleges and Universities,"Higher Education reform,  promote traditional liberal arts and academic freedom",,1,0,1,1,1036,0,0,0,0
NATIONAL CENTER FOR PUBLIC POLICY RESEARCH,501(c)(3),521226614,False,DC,,1988.0,"20 F St NW Ste 700  / Washington, DC 20001 / WWW.NATIONALCENTER.ORG",Research Institutes and/or Public Policy Analysis (W05),541720 Research and Development in the Social Sciences and Humanities,8733 NONCOMMERCIAL RESEARCH ORGANIZATIONS/ 8732 COMMERCIAL NONPHYSICAL RESEARCH,,,1,0,1,1,1750,0,0,1,0
NATIONAL LEGAL & POLICY CENTER,501(c)(3),521750188,False,VA,,1992.0,"107 Park Washington Ct  / Falls Church, VA 22046 /                             Mr. Peter  Flaherty                           /                                 Primary Contact Phone: (703) 2371970                              / pflaherty@nlpc.org/ President/ http://www.nlpc.org","Public, Society Benefit - Multipurpose and Other N.E.C. (W99)/ Public Interest Law/Litigation (I83)/ Labor Studies (V37)",813410 Civic and Social Organizations,"8641 CIVIC AND SOCIAL ASSOCIATIONS/ 8699 MEMBERSHIP ORGANIZATIONS, NEC","conservative,  libertarian,  free market,  unions,  legal services,  campaign finance,  corruption,  ethics,  Heritage,  CATO",,1,0,1,1,2332,0,0,0,0
NATIONAL MINING ASSOCIATION,501(c)(6),521916480,False,DC,,1997.0,"101 Constitution Ave NW Ste 500e  / Washington, DC 20001 / WWW.NMA.ORG","Professional Societies, Associations (U03)",813920 Professional Organizations,8621 Professional Organizations,,,1,0,1,0,3700,1,0,0,0
NATIONAL REVIEW INSTITUTE,501(c)(3),133649537,False,NY,,1992.0,"19 W 44TH ST STE 1701  / NEW YORK, NY 10036 USA/                              Lindsay  Craig                           /                                 Primary Contact Phone: (212) 849-2820                              / lcraig@nrinstitute.org/ President/ http://nrinstitute.org/                                 Main Office Phone: (212) 849-2806                              / 19 W 44TH ST STE 1701  / NEW YORK, NY 10036 ",Unknown (Z99),,,"Non-Profit,  Conservative,  Think-Tank,  Journalism,  Free Society,  Liberty,  Culture,  Religion",,1,0,1,1,2731,0,0,0,2
NATIONAL RURAL ELECTRIC COOPERATIVE ASSOCIATION,501(c)(6),530116145,True,VA,,1947.0,"4301 Wilson Blvd  / Arlington, VA 22203 / NRECA.COOP",Public Utilities (W80),221 Utilities,,,,1,0,1,0,1534,0,1,0,0
NATIONAL STRIPPER WELL ASSOCIATION,501(c)(6),522328209,True,OK,,2003.0,"2313 N Broadway Ave  / Ada, OK 74820 / WWW.nswa.us/",Promotion of Business (Chambers of Commerce) (S41),813910 Business Associations,"8611 BUSINESS ASSOCIATIONS/ 8699 MEMBERSHIP ORGANIZATIONS, NEC",,,1,0,1,0,2887,0,0,0,0
NATIONAL TAXPAYERS UNION FOUNDATION,501(c)(3),521122683,False,DC,,1978.0,"25 Massachusetts Avenue, NW Suite 140 / Washington, DC 20001 USA/                             Mr. Patrick  Gallivan                           /                                 Primary Contact Phone: (703) 683-5700                              / pgallivan@ntu.org/ www.ntu.org/                                 Main Office Phone: (703) 683-5700                              ","Public Finance, Taxation, Monetary Policy (W22)/ Research Institutes and/or Public Policy Analysis (W05)",813410 Civic and Social Organizations,"8641 CIVIC AND SOCIAL ASSOCIATIONS/ 8699 MEMBERSHIP ORGANIZATIONS, NEC","tax,  taxes,  taxpayers,  non-profit,  lobbyist,  foundation,  think tank,  National Taxpayers Union Foundation",,0,1,1,0,964,0,0,0,2
NATIONAL TAXPAYERS UNION,501(c)(4),521009116,False,DC,,1977.0,"25 Massachusetts Avenue, NW Suite 140 / Washington, DC 20001 USA/                              Patrick  Gallivan                           /                                 Primary Contact Phone: (703) 683-5700                              / pgallivan@ntu.org/ www.ntu.org/                                 Main Office Phone: (703) 683-5700                              ","Government and Public Administration (W20)/ Civil Rights, Advocacy for Specific Groups (R20)",813410 Civic and Social Organizations,"8641 CIVIC AND SOCIAL ASSOCIATIONS/ 8699 MEMBERSHIP ORGANIZATIONS, NEC","Advocacy,  Lobbying",,0,1,1,0,2541,0,0,0,0
NEVADA POLICY RESEARCH INSTITUTE,501(c)(3),880276314,False,NV,,1997.0,"7130 Placid Street  / Las Vegas, NV 89119 USA/                             Mr. John  Tsarpalas                           /                                 Primary Contact Phone: (702) 222-0642                              / jt@npri.org/ President/ www.npri.org/                                 Main Office Phone: (702) 222-0642                              ",Unknown (Z99),,,Free market think tank,,0,1,1,1,2813,0,0,0,1
OHIO OIL & GAS ASSOCIATION,501(c)(6),314363514,True,OH,,1954.0,"88 E Broad St Ste 1400  / Columbus, OH 43215 / WWW.OOGA.ORG",Business and Industry (S40),813910 Business Associations,"8611 BUSINESS ASSOCIATIONS/ 8699 MEMBERSHIP ORGANIZATIONS, NEC",,,1,0,1,1,3705,0,0,0,0
OKLAHOMA ENERGY EDUCATION FOUNDATION,501(c)(3),204707442,True,OK,PETROLEUM ALLIANCE OF OKLAHOMA THE,2006.0,"500 NE 4th St # 200  Oklahoma City OK 73104-4043/ Oklahoma City, OK 73104 / N/A",Single Organization Support (B11),813219 Other Grantmaking and Giving Services,"8399 SOCIAL SERVICES, NEC",,,1,0,1,0,3599,0,0,0,0
OKLAHOMA COUNCIL OF PUBLIC AFFAIRS,501(c)(3),731436375,False,OK,,1998.0,"1401 N Lincoln Blvd  / Oklahoma City, OK 73104 / WWW.OCPATHINK.ORG",Disaster Preparedness and Relief Services (M20),624230 Emergency and Other Relief Services,8322 INDIVIDUAL AND FAMILY SERVICES,,,1,0,1,1,2432,0,0,0,1
PACIFIC RESEARCH INSTITUTE FOR PUBLIC POLICY,501(c)(3),942528433,False,CA,,1978.0,"P.O. Box 60485  / Pasadena, CA 91116 USA/                             Ms. Sally C Pipes                           /                                 Primary Contact Phone: (415) 989-0833                              / sallypipes@pacificresearch.org/ President and CEO/ http://www.pacificresearch.org/ P.O. Box 60485  / Pasadena, CA 91116 ","Public, Society Benefit - Multipurpose and Other N.E.C. (W99)/ Research Institutes and/or Public Policy Analysis (W05)",813410 Civic and Social Organizations,"8641 Civic and Social Associations/ 8699 Membership Organizations, NEC","individual freedom,  personal responsibility,  free economy,  free market,  private initiative",,1,0,1,1,1583,0,0,0,1
PETROLEUM ALLIANCE OF OKLAHOMA THE,501(c)(6),730667344,True,OK,PETROLEUM ALLIANCE OF OKLAHOMA THE,1957.0,"500 NE 4th St Ste 200  / Oklahoma City, OK 73104",Promotion of Business (Chambers of Commerce) (S41),813910 Business Associations,"8611 BUSINESS ASSOCIATIONS/ 8699 MEMBERSHIP ORGANIZATIONS, NEC",,,1,0,1,0,552,0,0,0,0
PLANTS NEED CO2,501(c)(3),270383509,True,TX,,2009.0,"601 Jefferson St Ste 3600  / Houston, TX 77002 / www.plantsneedco2.org",Unknown (Z99),,,,,1,0,1,1,2822,0,0,0,0
POWER THE FUTURE,501(c)(4),822785231,True,,,,,,,,,,1,0,1,0,909,0,0,0,0
PRAGERU (PRAGER UNIVERSITY),501(c)(3),271763901,False,CA,,2010.0,"15021 Ventura Blvd. #552  / Sherman Oaks, CA 91403 USA/                              Laurie  Dorr                           /                                 Primary Contact Phone: (323) 577-2437                              / lauried@prageru.org/ www.prageru.com/                                 Main Office Phone: (323) 577-2437                              / 15021 Ventura Blvd. #552  / Sherman Oaks, CA 91403 / 15021 Ventura Blvd. #552  / Sherman Oaks, CA 91403 ",Single Organization Support (B11),813219 Other Grantmaking and Giving Services,"8399 Social Services, NEC","Education,  digital media",,1,0,1,1,89,0,0,0,0
PROPERTY AND ENVIRONMENT RESEARCH CENTER,501(c)(3),810393444,True,MT,,1981.0,"2048 Analysis Drive Suite A / Bozeman, MT 59718 USA/                             Mr. Brian  Yablonski                           /                                 Primary Contact Phone: (406) 587-9591                              / perc@perc.org/ Executive Director/ www.perc.org/                                 Main Office Phone: (406) 5879591                              / 2048 Analysis Drive Suite A / Bozeman, MT 59718 / 2048 Analysis Drive Suite A / Bozeman, MT 59718 / 2048 Analysis Drive, Suite A / Bozeman MT 59718/ International Tel: 1 4065879591","Natural Resource Conservation and Protection (C30)/ Environmental Quality, Protection, and Beautification N.E.C. (C99)/ Economics (as a Social Science) (V22)","813312 Environment, Conservation and Wildlife Organizations","8399 SOCIAL SERVICES, NEC/ 8699 MEMBERSHIP ORGANIZATIONS, NEC","environment, markets, property, property rights, contracts, natural resources, conservation",,1,0,1,1,261,0,0,0,2
PULP AND PAPERWORKERS' RESOURCE COUNCIL,501(c)(6),202745037,False,,,,,,,,,,1,0,1,0,1866,0,0,0,0
R STREET INSTITUTE,501(c)(3),263477125,False,DC,,2009.0,"1212 New York Ave NW Suite 900  / Washington, DC 20005 USA/                              Eli  Lehrer                           /                                 Primary Contact Phone: (202) 525-5717                              / elehrer@rstreet.org/ President/ www.rstreet.org/                                 Main Office Phone: (202) 525-5717                              / 1212 New York Ave NW Suite 900  / Washington, DC 20005 / 1212 New York Ave NW Suite 900  / Washington, DC 20005 ",Research Institutes and/or Public Policy Analysis (B05),541720 Research and Development in the Social Sciences and Humanities,8733 NONCOMMERCIAL RESEARCH ORGANIZATIONS/ 8732 COMMERCIAL NONPHYSICAL RESEARCH,"Free Market,  Policy,  Energy,  Environment,  Insurance",,1,0,1,0,2526,0,0,0,2
REASON FOUNDATION THE,501(c)(3),953298239,False,CA,,1979.0,"5737 Mesmer Avenue  / Los Angeles, CA 90230 USA/                              Chris  Mitchell                           /                                 Primary Contact Phone: (310) 367-6109                              / chris.mitchell@reason.org/ Director of Communications/ http://www.reason.org/                                 Main Office Phone: (310) 391-2245                              / 5737 Mesmer Avenue  / Los Angeles, CA 90230 / 5737 Mesmer Avenue  / Los Angeles, CA 90230 ","Research Institutes and/or Public Policy Analysis (W05)/ Media, Communications Organizations (A30)/ Research Institutes and/or Public Policy Analysis (B05)",541720 Research and Development in the Social Sciences and Humanities,8733 NONCOMMERCIAL RESEARCH ORGANIZATIONS/ 8732 COMMERCIAL NONPHYSICAL RESEARCH,"libertarian,  public policy,  think tank,  liberty,  limited government,  government reform,  drug policy,  freedom,  journalism,  pension reform,  school choice,  privatization",,1,0,1,1,1428,0,0,0,2
RHODE ISLAND CENTER FOR FREEDOM AND PROSPERITY,501(c)(3),452805369,False,RI,,2012.0,"PO Box 10069  / Cranston, RI 02910 / www.rifreedom.org",Citizen Participation (W24),813410 Civic and Social Organizations,"8641 CIVIC AND SOCIAL ASSOCIATIONS/ 8699 MEMBERSHIP ORGANIZATIONS, NEC",,,1,0,1,1,2931,0,0,0,1
RIO GRANDE FOUNDATION,501(c)(3),474610810,False,NM,,2000.0,"PO Box 40336  / Albuquerque, NM 87196 USA/                             Mr. Paul  Gessing                           /                                 Primary Contact Phone: (505) 264-6090                              / pgessing@riograndefoundation.org/ President/ https://riograndefoundation.org/                                 Main Office Phone: (505) 264-6090                              / 4301 The 25 Way NE, Suite B  / Albuquerque, NM 87109 / PO Box 40336  / Albuquerque, NM 87196 ","Public, Society Benefit - Multipurpose and Other N.E.C. (W99)",813410 Civic and Social Organizations,"8641 Civic and Social Associations/ 8699 Membership Organizations, NEC","advocacy,  free market,  economics,  politics,  public policy",,1,0,1,1,1740,0,0,0,1
ROUGHRIDER POLICY CENTER,501(c)(3),824651816,False,,,,,,,,,,1,0,1,1,1980,0,0,0,1
SCIENCE AND ENVIRONMENTAL POLICY PROJECT,501(c)(3),541645372,True,VA,,1994.0,"PO Box 1126  / Springfield, VA 22151 / www.sepp.org","Social Science Research Institutes, Services N.E.C. (V99)",541720 Research and Development in the Social Sciences and Humanities,8733 Noncommercial Research Organizations/ 8732 Commercial Nonphysical Research,,,1,0,1,1,2569,0,0,0,0
SHOW-ME INSTITUTE,501(c)(3),201957878,False,MO,,2005.0,"5297 Washington Place  / Saint Louis, MO 63108 USA/                              Christina  Gibson                           /                                 Primary Contact Phone: (314) 454-0647                              / christina.gibson@showmeinstitute.org/ Executive Assistant/ http://www.showmeinstitute.org/                                 Main Office Phone: (314) 454-0647                              / 5297 Washington Place  / Saint Louis, MO 63108 / 5297 Washington Place  / Saint Louis, MO 63108 ",Research Institutes and/or Public Policy Analysis (V05)/ Economics (as a Social Science) (V22)/ Research Institutes and/or Public Policy Analysis (W05),541720 Research and Development in the Social Sciences and Humanities,8733 NONCOMMERCIAL RESEARCH ORGANIZATIONS/ 8732 COMMERCIAL NONPHYSICAL RESEARCH,Think tank,,1,0,1,0,311,0,0,0,1
SMALL BUSINESS AND ENTREPRENEURSHIP COUNCIL,501(c)(4),363756240,False,VA,,1993.0,"301 Maple Ave W Ste 690  / Vienna, VA 22180 / www.sbecouncil.org",Management Services for Small Business/Entrepreneurs (S43),541618 Other Management Consulting Services,"8748 BUSINESS CONSULTING, NEC",,,1,0,1,1,3564,0,0,1,0
SOUTH CAROLINA POLICY COUNCIL,501(c)(3),570835744,False,SC,,1987.0,"1323 Pendleton St  / Columbia, SC 29201 USA/                             Ms. Ashley  Landess                           /                                 Primary Contact Phone: (803) 779-5022 Ext 102                              / ashleyl@scpolicycouncil.org/ President/ www.scpolicycouncil.com/                                 Main Office Phone: (803) 779-5022 Ext 102                              ",Research Institutes and/or Public Policy Analysis (W05),541720 Research and Development in the Social Sciences and Humanities,8733 NONCOMMERCIAL RESEARCH ORGANIZATIONS/ 8732 COMMERCIAL NONPHYSICAL RESEARCH,,,0,1,1,0,2224,0,0,0,0
SOUTHEASTERN LEGAL FOUNDATION,501(c)(3),581247027,False,GA,,1976.0,"560 W CROSSVILLE RD STE 104  / ROSWELL, GA 30075-7509 USA/                             Mr. Todd G Young                           /                                 Primary Contact Phone: (770) 977-2131                              / tyoung@southeasternlegal.org/ Executive Director/ www.slfliberty.org/                                 Main Office Phone: (770) 977-2131                              / 560 W CROSSVILLE RD STE 104  / ROSWELL, GA 30075-7509 / 560 W CROSSVILLE RD STE 104  / ROSWELL, GA 30075-7509 ",Research Institutes and/or Public Policy Analysis (R05),541720 Research and Development in the Social Sciences and Humanities,8733 NONCOMMERCIAL RESEARCH ORGANIZATIONS/ 8732 COMMERCIAL NONPHYSICAL RESEARCH,"Limited Government,  Free Enterprise,  Property Rights,  Government Accountability",,1,0,1,1,826,0,0,0,0
STATE POLICY NETWORK,501(c)(3),570952531,False,VA,,1992.0,"1655 North Fort Myer Drive Suite 360 / Arlington, VA 22209 USA/                              Meredith  Turney                           /                                 Primary Contact Phone: (703) 243-1655                              / turney@spn.org/ Senior Director of Leadership Development & Strategic Communications/ www.spn.org/                                 Main Office Phone: (703) 243-1655                              / 1655 North Fort Myer Drive Suite 360 / Arlington, VA 22209 / 1655 North Fort Myer Drive Suite 360 / Arlington, VA 22209 ",Research Institutes and/or Public Policy Analysis (S05),541720 Research and Development in the Social Sciences and Humanities,8733 NONCOMMERCIAL RESEARCH ORGANIZATIONS/ 8732 COMMERCIAL NONPHYSICAL RESEARCH,"Free Market,  public policy,  education reform,  tax reform,  transparencey",,1,0,1,1,3818,0,0,0,1
STUDENT FREE PRESS ASSOCIATION,501(c)(3),272277658,False,MI,,2011.0,"4771 Mechanic Rd  / Hillsdale, MI 49242 / N/A","Scholarships, Student Financial Aid, Awards (B82)",813410 Civic and Social Organizations,"8641 CIVIC AND SOCIAL ASSOCIATIONS/ 8699 MEMBERSHIP ORGANIZATIONS, NEC",,Parent organization of The College Fix,1,0,1,0,2882,0,0,0,0
TAXPAYERS PROTECTION ALLIANCE,501(c)(4),450702828,False,DC,,2011.0,"1401 K St NW Ste 502  / Washington, DC 20005 / WWW.PROTECTINGTAXPAYERS.ORG","Public Finance, Taxation, Monetary Policy (W22)",813410 Civic and Social Organizations,"8641 CIVIC AND SOCIAL ASSOCIATIONS/ 8699 MEMBERSHIP ORGANIZATIONS, NEC",,,1,0,1,1,478,0,0,0,0
TEXAS PUBLIC POLICY FOUNDATION,501(c)(3),742524057,False,TX,,1989.0,"901 Congress Avenue  / AUSTIN                , TX 78701 USA/                             Mr. Greg  Sindelar                           /                                 Primary Contact Phone: (512) 472-2700                              / administration@texaspolicy.com/ Chief Operating Officer/ www.texaspolicy.com/                                 Main Office Phone: (512) 472-2700                              ",Research Institutes and/or Public Policy Analysis (W05),541720 Research and Development in the Social Sciences and Humanities,8733 NONCOMMERCIAL RESEARCH ORGANIZATIONS/ 8732 COMMERCIAL NONPHYSICAL RESEARCH,"Public Policy,  Research,  Analysis",,1,0,1,1,662,0,0,0,1
THOMAS JEFFERSON INSTITUTE FOR PUBLIC POLICY,501(c)(3),510280185,False,VA,,1985.0,"7011 Dreams Way Court  / Alexandria, VA 22315 USA/                             Mr. Christian  Braunlich                           /                                 Primary Contact Phone: (703) 440-9447                              / chris@thomasjeffersoninst.org/ President/ http://www.thomasjeffersoninst.org/                                 Main Office Phone: (703) 440-9447                              / 7011 Dreams Way Court  / Alexandria, VA 22315 / 7011 Dreams Way Court  / Alexandria, VA 22315 / 7011 Dreams Way Court / Alexandria VA 22315/ International Tel:  ","Public, Society Benefit - Multipurpose and Other N.E.C. (W99)",813410 Civic and Social Organizations,"8641 Civic and Social Associations/ 8699 Membership Organizations, NEC","Advocacy,  Tax and Fiscal Policy,  Education Policy Regulatory Reform",,1,0,1,1,1653,0,0,0,1
TRUTH IN ACCOUNTING,501(c)(3),352185292,False,IL,,2003.0,"118 N CLINTON ST STE 206  / CHICAGO, IL 60661 USA/                              Joan  Colmar                           /                                 Primary Contact Phone: (312) 589-5100                              / jcolmar@truthinaccounting.org/ President/ www.truthinaccounting.org/                                 Main Office Phone: (312) 589-5100                              / 118 N CLINTON ST STE 206  / CHICAGO, IL 60661 / 118 N CLINTON ST STE 206  / CHICAGO, IL 60661 ","Public Finance, Taxation, Monetary Policy (W22)",813410 Civic and Social Organizations,"8641 CIVIC AND SOCIAL ASSOCIATIONS/ 8699 MEMBERSHIP ORGANIZATIONS, NEC","accounting,  government finance,  transparency,  government accounting,  government watchdog",,0,1,1,0,3193,0,0,0,0
TURNING POINT USA,501(c)(3),800835023,False,AZ,,2014.0,"4940 East Beverly Road  / Phoenix, AZ 85044 USA/                             Ms. Emma J McCausland                           /                                 Primary Contact Phone: (480) 280-6178                              / emma@tpusa.com/ Advancement Administrative Manager/ https://www.tpusa.com//                                 Main Office Phone: (844) 872-1776                              / 4940 East Beverly Road  / Phoenix, AZ 85044 / 4940 East Beverly Road  / Phoenix, AZ 85044 ",Unknown (Z99),,,"advocacy,  education,  limited government",,1,0,1,1,3944,0,0,0,0
WASHINGTON LEGAL FOUNDATION,501(c)(3),521071570,False,DC,,1977.0,"2009 Massachusetts Ave NW  / Washington, DC 20036 USA/                             Mrs. Constance  Larcher                           /                                 Primary Contact Phone: (202) 588-0302                              / CLarcher@wlf.org/ President and Chief Executive Officer/ http://www.wlf.org","Public, Society Benefit - Multipurpose and Other N.E.C. (W99)/ Civil Liberties Advocacy (R60)",813410 Civic and Social Organizations,"8641 CIVIC AND SOCIAL ASSOCIATIONS/ 8699 MEMBERSHIP ORGANIZATIONS, NEC","Public Interest,  Litigation,  Publishing,   Free Enterprise,  Washington Legal Foundation,  class action,  commercial speech,  tort reform,  natiaonl security,  health care,  legal,  securities",,1,0,1,0,1252,0,0,0,0
WASHINGTON POLICY CENTER,501(c)(3),911752769,False,WA,,1997.0,"P.O. Box 3643  / Seattle, WA 98124 USA/                             Ms. Tashina  Kreilick                           /                                 Primary Contact Phone: (206) 9379691                              / tkreilick@washingtonpolicy.org/ Development Manager/ http://www.washingtonpolicy.org/                                 Main Office Phone: (206) 937-9691                              / 3404 4th Ave S.  / Seattle, WA 98134 / P.O. Box 3643  / Seattle, WA 98124 ","Public, Society Benefit - Multipurpose and Other N.E.C. (W99)/ Research Institutes and/or Public Policy Analysis (W05)/ Public Finance, Taxation, Monetary Policy (W22)",813410 Civic and Social Organizations,"8641 CIVIC AND SOCIAL ASSOCIATIONS/ 8699 MEMBERSHIP ORGANIZATIONS, NEC","government regulation,  taxation,  free market,  conservative,  limited government,  environment,  small business,  health care,  education,  government reform,  transportation,  healthcare",,1,0,1,0,3727,0,0,0,1
WEST VIRGINIA COAL ASSOCIATION,501(c)(6),550307050,True,WV,,1942.0,"PO Box 3923  / Charleston, WV 25339 / WWW.WVCOAL.COM",Labor Unions/Organizations (J40),813930 Labor Unions and Similar Labor Organizations,8631 LABOR ORGANIZATIONS,,,1,0,1,0,1137,0,0,0,0
WESTERN ENERGY ALLIANCE,501(c)(6),840700841,True,CO,,1974.0,"1775 N Sherman St Ste 2700  / Denver, CO 80203 / WWW.WESTERNENERGYALLIANCE.ORG",Promotion of Business (Chambers of Commerce) (S41),813910 Business Associations,"8611 BUSINESS ASSOCIATIONS/ 8699 MEMBERSHIP ORGANIZATIONS, NEC",,,1,0,1,0,2856,0,0,0,0
WESTERN STATES PETROLEUM ASSOCIATION,501(c)(6),950596680,True,CA,,1942.0,"1415 L St  Sacramento CA 95814-3961/ Sacramento, CA 95814 / WWW.WSPA.ORG",Promotion of Business (Chambers of Commerce) (S41),813910 Business Associations,"8611 BUSINESS ASSOCIATIONS/ 8699 MEMBERSHIP ORGANIZATIONS, NEC",,,1,0,1,0,3471,0,0,0,0
WYOMING LIBERTY GROUP,501(c)(3),262828115,False,WY,,2009.0,"1740 Dell Range Blvd Ste H # 459  / Cheyenne, WY 82009 / WWW.WYLIBERTY.ORG",Alliance/Advocacy Organizations (R01),813319 Other Social Advocacy Organizations,"8399 SOCIAL SERVICES, NEC/ 8641 CIVIC AND SOCIAL ASSOCIATIONS",,,1,0,1,0,2962,0,0,0,1
YANKEE INSTITUTE FOR PUBLIC POLICY,501(c)(3),521358144,False,CT,,1985.0,"216 Main Street  / Hartford, CT 06106 USA/                             Mr. Matthew  Fox                           / matthew@yankeeinstitute.org/ Director of Operations/ www.yankeeinstitute.org/ 216 Main Street  / Hartford, CT 06106 ",Research Institutes and/or Public Policy Analysis (V05),541720 Research and Development in the Social Sciences and Humanities,8733 NONCOMMERCIAL RESEARCH ORGANIZATIONS/ 8732 COMMERCIAL NONPHYSICAL RESEARCH,"Connecticut,  public policy,  think tank",,0,1,1,0,52,0,0,0,1
YOUNG AMERICA'S FOUNDATION,501(c)(3),237042029,False,VA,,1969.0,"National Headquarters 11480 Commerce Park Drive, Suite 600 / Reston, VA 20191 USA/                             Ms. Jessica  Jensen                           /                                 Primary Contact Phone: (703) 318-9608                              / jjensen@yaf.org/ Vice President & Chief of Staff/ http://www.yaf.org/                                 Main Office Phone: (703) 318-9608                              / National Headquarters 11480 Commerce Park Drive, Suite 600 / Reston, VA 20191 ",Other Youth Development N.E.C. (O99),624110 Child and Youth Services,8322 Individual and Family Services,"young conservatives,  journalism training,  Ronald Reagan,  Presidential Properties,  Reagan Ranch,  conservative,  right,  students,  conferences,  free speech",,1,0,1,1,2451,0,0,0,2
YOUNG AMERICANS FOR LIBERTY,501(c)(4),262417908,False,TX,YOUNG AMERICANS FOR LIBERTY,2011.0,"500 N Capital of Texas HWY Bldg 5, Ste 100 / Austin, TX 78746 USA/                              Bill  Rein                           /                                 Primary Contact Phone: (530) 761-3488                              / bill.rein@yaliberty.org/ Development Specialist/ http://www.yaliberty.org/                                 Main Office Phone: (512) 637-5217                              / 500 N Capital of Texas HWY Bldg 5, Ste 100 / Austin, TX 78746 / 500 N Capital of Texas HWY Bldg 5, Ste 100 / Austin, TX 78746 ",(Youth Development Programs) (O50),813410 Civic and Social Organizations,"8641 Civic and Social Associations/ 8699 Membership Organizations, NEC","advocacy,  education,  leadership,  activism",,1,0,1,1,882,0,0,0,0
YOUNG AMERICANS FOR LIBERTY FOUNDATION,501(c)(3),453503672,False,TX,YOUNG AMERICANS FOR LIBERTY,2013.0,"500 N Capital of Texas HWY Bldg 5, Ste 100 / Austin, TX 78746 USA/                              Kathryn  Brackbill                           / kathryn.brackbill@yaliberty.org/ Director of Operations/ http://www.yaliberty.org// 500 N Capital of Texas HWY Bldg 5, Ste 100 / Austin, TX 78746 / 500 N Capital of Texas HWY Bldg 5, Ste 100 / Austin, TX 78746 ",Leadership Development (W70),813410 Civic and Social Organizations,"8641 CIVIC AND SOCIAL ASSOCIATIONS/ 8699 MEMBERSHIP ORGANIZATIONS, NEC","advocacy,  student leadership",,1,0,1,1,365,0,0,0,0
