org,data_filled,ein,guidestar,nccs,category,geographic_focus,combine_name,billionaire,ruling_year,naics_code,sic_code,ntee_code,address,state,id
SILICON VALLEY COMMUNITY FOUNDATION,True,205205488,True,,Community,"California, United Kingdom, India, Israel",SILICON VALLEY COMMUNITY FOUNDATION,,2006.0,813211 Grantmaking Foundations,"6732 Trusts: Educational, Religious, Etc.","Community Foundations (T31)
 Fund Raising and/or Fund Distribution (S12)","2440 West El Camino Real Ste 300 
 Mountain View, CA 94040 USA
 
                             Paul  Velaski 
                          
 
                                Primary Contact Phone: (650) 450-5400
                              
 pvelaski@siliconvalleycf.org
 Chief Financial Officer
 www.siliconvalleycf.org
 
                                Main Office Phone: (650) 450-5400
                              
 2440 West El Camino Real Ste 300 
 Mountain View, CA 94040 ",CA,2186
GREATER HOUSTON COMMUNITY FOUNDATION,True,237160400,True,,Community,"Texas, Tanzania, India, Mexico, Israel, United Kingdom, Canada, Zambia ",GREATER HOUSTON COMMUNITY FOUNDATION,,2017.0,813211 Grantmaking Foundations,"6732 Trusts: Educational, Religious, Etc.",Community Foundations (T31),"515 Post Oak Boulevard Suite 1000 
 Houston, TX 77027 USA
 
                            Mrs. Rachel  Young 
                          
 
                                Primary Contact Phone: (713) 333-2234
                              
 ryoung@ghcf.org
 Marketing & Brand Manager
 www.ghcf.org
 
                                Main Office Phone: (713) 333-2200
                              
 515 Post Oak Boulevard Suite 1000 
 Houston, TX 77027 
 515 Post Oak Boulevard Suite 1000 
 Houston, TX 77027 ",TX,1493
ORANGE COUNTY COMMUNITY FOUNDATION,True,330378778,True,,Community,"California, India, Nepal, Mexico, South Africa",ORANGE COUNTY COMMUNITY FOUNDATION,,1994.0,813211 Grantmaking Foundations,"6732 Trusts: Educational, Religious, Etc.",Community Foundations (T31),"4041 MacArthur Blvd Ste 510 
 Newport Beach, CA 92660 USA
 
                             Todd  Hanson 
                          
 
                                Primary Contact Phone: (949) 553-4202
                              
 thanson@oc-cf.org
 Vice President Center for Engaged Philanthropy
 www.oc-cf.org
 
                                Main Office Phone: (949) 553-4202
                              
 4041 MacArthur Blvd Ste 510 
 Newport Beach, CA 92660 
 4041 MacArthur Blvd Ste 510 
 Newport Beach, CA 92660 ",CA,2694
SAN FRANCISCO FOUNDATION THE,True,10679337,True,,Community,"California, Haiti, Kenya, Israel, West Bank/Gaza (Palestininian Territories) ",SAN FRANCISCO FOUNDATION The,,2002.0,813211 Grantmaking Foundations,"6732 Trusts: Educational, Religious, Etc.",Community Foundations (T31),"One Embarcadero Center Suite 1400 
 San Francisco, CA 94111 USA
 
                             Colin  Richardson 
                          
 
                                Primary Contact Phone: (415) 733-8500
                              
 publicaffairs@sff.org
 Director, Grants Administration
 www.sff.org
 
                                Main Office Phone: (415) 733-8500
                              
 One Embarcadero Center Suite 1400 
 San Francisco, CA 94111 
 One Embarcadero Center Suite 1400 
 San Francisco, CA 94111 ",CA,996
EXXONMOBIL FOUNDATION,True,136082357,True,,Company-sponsored,"Virginia, Lousiana, Washington, D.C., Ohio, Utah, Georgia, Wyoming, New Jersey, Texas, Alabama, New York, Montana, Alaska, Oklahoma, Colorado, California, Illinois, Developing Countries, Africa, Bermuda, Nigeria, Indonesia, Angola",EXXONMOBIL FOUNDATION,,1957.0,813211 Grantmaking Foundations,"6732 Trusts: Educational, Religious, Etc.",Private Grantmaking Foundations (T20),"1735 Hughes Landing Hhl W 04 N162  The Woodlands, TX 77380
 The Woodlands, TX 77380 
 ExxonMobil@EasyMatch.com",TX,1347
ANSCHUTZ FOUNDATION THE,True,742316617,True,,Company-sponsored,"Colorado, Haiti, United Kingdom, Vietnam, Guatemala, Oklahoma, Mexico, Canada",ANSCHUTZ FOUNDATION The,,1984.0,813211 Grantmaking Foundations,"6732 Trusts: Educational, Religious, Etc.",Corporate Foundations (T21),"555 17th St Ste 2400  
 Denver, CO 80202 ",CO,1832
WESTROCK FOUNDATION THE,True,61652243,True,,Company-sponsored,"Washington, D.C., Virginia, Ohio, Massachusetts, South Carolina, Mexico, Canada, New York, Georgia, China, United Kingdom",WESTROCK FOUNDATION The,,2002.0,813211 Grantmaking Foundations,"6732 Trusts: Educational, Religious, Etc.",Private Grantmaking Foundations (T20),"1000 Abernathy Rd  Atlanta GA 30328-5606
 Atlanta, GA 30328 
 WWW.WESTROCKFOUNDATION.ORG",GA,2472
BRADLEY IMPACT FUND,True,454678325,True,,Donor-advised fund,"Jordan, Australia, Turkey, Illinois, Washington, D.C., Wisconsin, Virginia",BRADLEY IMPACT FUND,,2013.0,813219 Other Grantmaking and Giving Services,"8399 Social Services, NEC",Fund Raising and/or Fund Distribution (T12),"1400 N Water St Ste 300  Milwaukee WI 53202-2506
 Milwaukee, WI 53202 
 WWW.BRADLEYIMPACTFUND.ORG",WI,592
DONORS CAPITAL FUND,True,541934032,True,,Donor-advised fund,National,DONORS TRUST & DONORS CAPITAL FUND,,1999.0,813219 Other Grantmaking and Giving Services,"8399 Social Services, NEC",Fund Raising Organizations That Cross Categories includes Community Funds/Trusts and Federated Giving Programs) e.g. United Way (T70),"1800 Diagonal Rd Ste 280  
 Alexandria, VA 22314 
 www.donorscapitalfund.org",VA,1177
DONORS TRUST,True,522166327,True,,Donor-advised fund,National,DONORS TRUST & DONORS CAPITAL FUND,,1999.0,813219 Other Grantmaking and Giving Services,"8399 Social Services, NEC",Philanthropy / Charity / Voluntarism Promotion (General) (T50),"1800 Diagonal Road Suite 280 
 Alexandria, VA 22314 USA
 
                            Mr Lawson  R Bader 
                          
 
                                Primary Contact Phone: (703) 535-3563
                              
 lbader@donorstrust.org
 President & Chief Executive Officer
 www.donorstrust.org",VA,1899
FIDELITY CHARITABLE GIFT FUND,False,110303001,False,,Donor-advised fund,,FIDELITY CHARITABLE GIFT FUND,,,,,,,,2172
NATIONAL PHILANTHROPIC TRUST,False,237825575,False,,Donor-advised fund,,NATIONAL PHILANTHROPIC TRUST,,,,,,,,2554
SCHWAB CHARITABLE,False,311640316,False,,Donor-advised fund,,SCHWAB CHARITABLE,,,,,,,,2269
VANGUARD CHARITABLE ENDOWMENT PROGRAM,False,232888152,False,,Donor-advised fund,,VANGUARD CHARITABLE ENDOWMENT PROGRAM,,,,,,,,2183
ADOLPH COORS FOUNDATION,True,510172279,True,,Family,Colorado,ADOLPH COORS FOUNDATION,,1975.0,813211 Grantmaking Foundations,"6732 Trusts: Educational, Religious, Etc.",Private Grantmaking Foundations (T20),"215 Saint Paul St Ste 300  
 Denver, CO 80206 
 www.coorsfoundation.org",CO,2979
ANNENBERG FOUNDATION,True,236257083,True,,Family,"California, Africa, Asia, Europe, New York",ANNENBERG FOUNDATION,,1958.0,611 Educational Services,,Education N.E.C. (B99),"101 W Elm St Ste 510  
 Conshohocken, PA 19428 
 www.annenberg.org",PA,2397
ARMSTRONG FOUNDATION,True,756003209,True,,Family,"National, Washington, D.C., Virginia, California, Texas, Mississippi",ARMSTRONG FOUNDATION,,1951.0,813211 Grantmaking Foundations,"6732 Trusts: Educational, Religious, Etc.",Private Grantmaking Foundations (T20),"PO Box 470338  
 Fort Worth, TX 76147 
 WWW.ARMSTRONGFDN.ORG",TX,2533
ARTHUR AND CARLYSE CIOCCA CHARITABLE FOUNDATION,True,943279919,True,,Family,"California, Michigan, Virginia, Texas, Haiti, Washington, D.C., New York",ARTHUR CARLYSE CIOCCA CHARITABLE FOUNDATION,,1997.0,813211 Grantmaking Foundations,"6732 Trusts: Educational, Religious, Etc.",Private Grantmaking Foundations (T20),"315 Montgomery St Fl 9  San Francisco CA 94104-1858
 San Francisco, CA 94104 
 N/A",CA,3374
BETH AND RAVENEL CURRY FOUNDATION,True,237411083,True,,Family,"New York, North Carolina, Washington, D.C., Haiti, Rwanda, New Jersey, South Carolina",BETH AND RAVENEL CURRY FOUNDATION,,1975.0,813211 Grantmaking Foundations,"6732 Trusts: Educational, Religious, Etc.",Private Grantmaking Foundations (T20),"499 Park Ave Fl 17  
 New York, NY 10022 
 FOUNDATION CENTER (FDNCENTER.ORG)",NY,2245
BILL AND MELINDA GATES FOUNDATION,True,562618866,True,,Family,"National, International, Europe, Developing Countries, South America, Asia, Africa, Ethiopia, India, California, Nigeria, New York, Washington, Washington, D.C. ",BILL AND MELINDA GATES FOUNDATION,,2000.0,,,,,WA,1356
"BRADY EDUCATION FOUNDATION, INC.",True,396064733,True,,Family,"North Carolina, Minnesota, New York, Wisconsin, Washington, D.C.","BRADY EDUCATION FOUNDATION, INC.",,1957.0,813219 Other Grantmaking and Giving Services,"8399 Social Services, NEC",Single Organization Support (B11),"100 Europa Dr Ste 351  
 Chapel Hill, NC 27517 
 BRADYEDUCATIONFOUNDATION.ORG",NC,1405
CHARLES KOCH FOUNDATION,True,480918408,True,,Family,"Virginia, Washington, D.C., Canada, Brazil, California, Turkey, Jordan, New York, United Kingdom, Texas",CHARLES KOCH INSTITUTE AND FOUNDATION,,1998.0,813410 Civic and Social Organizations,"8641 Civic and Social Associations
 8699 Membership Organizations, NEC","Scholarships, Student Financial Aid, Awards (B82)","4111 E 37th St N  
 Wichita, KS 67220 
 WWW.CHARLESKOCHFOUNDATION.ORG",KS,2136
CHARLES KOCH INSTITUTE,True,274967732,True,,Family,"California, Washington, D.C., New York, Virginia",CHARLES KOCH INSTITUTE AND FOUNDATION,,2011.0,"611310 Colleges, Universities, and Professional Schools",8221 Colleges and Universities,Higher Education Institutions (B40),"1320 N Courthouse Rd Ste 50  Arlington VA 22201-2501
 Arlington, VA 22201 
 WWW.CHARLESKOCHINSTITUTE.ORG",VA,3478
CHASE FOUNDATION OF VIRGINIA,True,541770697,True,,Family,"Washington, D.C., Virginia, Canada, California, Michigan, United Kingdom",CHASE FOUNDATION OF VIRGINIA,,1995.0,813211 Grantmaking Foundations,"6732 Trusts: Educational, Religious, Etc.",Private Grantmaking Foundations (T20),"350 Old Ivy Way Ste 100  Charlottesville VA 22903-4897
 Charlottesville, VA 22903 
 N/A",VA,3484
"COVENANT FOUNDATION, INC.",True,742622129,True,,Family,"Texas, Haiti, Washington, D.C., Colorado, Ohio, Guatemala, India, Mexico, Papua New Guinea, Virginia","COVENANT FOUNDATION, INC.",,2000.0,813211 Grantmaking Foundations,"6732 Trusts: Educational, Religious, Etc.",Private Independent Foundations (T22),"115 N Loop 1604 E Ste 2207  
 San Antonio, TX 78232 
 N/A",TX,1509
DAVID J. AND MARY L. G. THEROUX FOUNDATION,True,943180069,True,,Family,"California, Kansas",DAVID J.  MARY L. G. THEROUX FOUNDATION,,1993.0,813211 Grantmaking Foundations,"6732 Trusts: Educational, Religious, Etc.",Private Grantmaking Foundations (T20),"100 Swan Way Ste 200  
 Oakland, CA 94621 
 N/A",CA,1704
DIANA DAVIS SPENCER FOUNDATION,True,203672969,True,,Family,"New York, Virginia, Massachusetts, Washington, D.C., Poland, United Kingdom, Israel, Czech Republic, Costa Rica, Iran, Switzerland, Maryland, Maine",DAVIS FAMILY FOUNDATIONS,,2007.0,813211 Grantmaking Foundations,"6732 Trusts: Educational, Religious, Etc.",Private Independent Foundations (T22),"3 Bethesda Metro Ctr Ste 118  
 Bethesda, MD 20814 
 WWW.DDSFOUNDATION.ORG",MD,1194
SHELBY CULLOM DAVIS CHARITABLE FUND,True,203734688,True,,Family,"New York, Illinois, Switzerland, Maine, New Mexico, United Kingdom, Massachusetts, Peru, West Bank/Gaza (Palestinian Territories), Canada, California",DAVIS FAMILY FOUNDATIONS,,2006.0,813211 Grantmaking Foundations,"6732 Trusts: Educational, Religious, Etc.",Private Grantmaking Foundations (T20),"501 Silverside Rd  
 Wilmington, DE 19809 ",DE,3313
SHELBY CULLOM DAVIS FOUNDATION,True,136165382,False,,Family,,DAVIS FAMILY FOUNDATIONS,,,,,,,,295
DICK AND BETSY DEVOS FAMILY FOUNDATION,True,382902412,True,,Family,"Michigan, United Kingdom, Rwanda, Bahamas, Florida, China, Egypt, Washington, D.C.",DEVOS FAMILY FOUNDATIONS,,1990.0,813211 Grantmaking Foundations,"6732 Trusts: Educational, Religious, Etc.",Private Grantmaking Foundations (T20),,,1551
DOUGLAS AND MARIA DEVOS FOUNDATION,True,383035972,True,,Family,"Michigan, Jamaica, Bahamas, Netherlands, Guatemala",DEVOS FAMILY FOUNDATIONS,,1992.0,813211 Grantmaking Foundations,"6732 Trusts: Educational, Religious, Etc.",Private Grantmaking Foundations (T20),,,2286
RICHARD AND HELEN DEVOS FOUNDATION THE,True,456659303,True,,Family,"Florida, Michigan, Haiti, Democratic Republic of the Congo, Holy See, Russia, Ukraine",DEVOS FAMILY FOUNDATIONS,,2012.0,813211 Grantmaking Foundations,"6732 Trusts: Educational, Religious, Etc.",Private Independent Foundations (T22),"126 Ottawa Ave NW Ste 500  
 Grand Rapids, MI 49503 ",MI,644
E. L. CRAIG FOUNDATION,True,446015127,True,,Family,"Washington, D.C., Virginia, California, Michigan, Missouri",E. L. CRAIG FOUNDATION,,1961.0,813211 Grantmaking Foundations,"6732 Trusts: Educational, Religious, Etc.",Private Grantmaking Foundations (T20),"PO Box 1090  
 Joplin, MO 64802 ",MO,3102
ED UIHLEIN FAMILY FOUNDATION,True,205723621,True,,Family,"Virginia, Illinois, Canada, Washington, D.C., Wisconsin, Mexico",ED UIHLEIN FAMILY FOUNDATION,,2006.0,813219 Other Grantmaking and Giving Services,"8399 Social Services, NEC",Single Organization Support (B11),"736 N Western Ave Ste 339  
 Lake Forest, IL 60045 
 
",IL,3824
"F. M. KIRBY FOUNDATION, INC.",True,516017929,True,,Family,"North Carolina, Pennsylvania, New Jersey, New York, Virginia, Washington, D.C., Haiti","F. M. KIRBY FOUNDATION, INC.",,1932.0,813211 Grantmaking Foundations,"6732 Trusts: Educational, Religious, Etc.",Private Grantmaking Foundations (T20),"17 DEHART ST P.O. BOX 151 
 MORRISTOWN, NJ 07963 USA
 
                             William  Byrnes 
                          
 
                                Primary Contact Phone: (973) 538-4800
                              
 Vice President – Grants
 www.fmkirbyfoundation.org
 
                                Main Office Phone: (973) 538-4800
                              
 17 DEHART ST P.O. BOX 151 
 MORRISTOWN, NJ 07963 ",MO,1535
FRED MAYTAG FAMILY FOUNDATION,True,421444870,True,,Family,"Iowa, Mexico, Nicaragua, Costa Rica, New York, Canada, Arizona, China",FRED MAYTAG FAMILY FOUNDATION,,1996.0,813110 Religious Organizations,8661 Religious Organizations,"Religion Related, Spiritual Development N.E.C. (X99)","3701 Sacramento St # 369  San Francisco CA 94118-1705
 San Francisco, CA 94118 
 N/A",CA,3015
FREDERICK E. AND JULIA G. NONNEMAN FOUNDATION,True,341881601,True,,Family,"Washington, D.C., Ohio, Virginia, Kentucky",FREDERICK E. AND JULIA G. NONNEMAN FOUNDATION,,1999.0,813211 Grantmaking Foundations,"6732 Trusts: Educational, Religious, Etc.",Private Independent Foundations (T22),"26202 Detroit Rd Ste 100d  Westlake OH 44145-2480
 Westlake, OH 44145 ",OH,3508
GLEASON FAMILY FOUNDATION,True,205804684,True,,Family,,GLEASON FAMILY FOUNDATION,,2007.0,813211 Grantmaking Foundations,"6732 Trusts: Educational, Religious, Etc.",Private Grantmaking Foundations (T20),"67 Mark Dr  
 San Rafael, CA 94903 
 N/A",CA,350
HERRICK FOUNDATION,True,386041517,True,,Family,"Michigan, Indiana, Canada",HERRICK FOUNDATION,,1949.0,813211 Grantmaking Foundations,"6732 Trusts: Educational, Religious, Etc.",Private Grantmaking Foundations (T20),"2290 First Natl Bld 660 Woodward A  
 Detroit, MI 48226 ",MI,3127
HERTOG FOUNDATION,True,262002295,True,,Family,"New York, Washington, D.C., Israel",HERTOG FOUNDATION,,2008.0,813211 Grantmaking Foundations,"6732 Trusts: Educational, Religious, Etc.",Private Grantmaking Foundations (T20),"223 Sunset Ave Ste 200  
 Palm Beach, FL 33480 
 HTTPS://WWW.HERTOGFOUNDATION.ORG",FL,3522
HOWARD CHARITABLE FOUNDATION,True,911952040,True,,Family,"California, Washington, D.C., Montana, Iraq",HOWARD CHARITABLE FOUNDATION,,1999.0,813211 Grantmaking Foundations,"6732 Trusts: Educational, Religious, Etc.",Public Foundations (T30),"4616 25th Ave NE PMB 617  
 Seattle, WA 98105 ",WA,2823
J. P. HUMPHREYS FOUNDATION,True,431244445,True,,Family,"Kansas, Pennsylvania, Washington, D.C., Virginia, New York, Michigan, Missouri, Illinois",J. P. HUMPHREYS FOUNDATION,,,813211 Grantmaking Foundations,"6732 Trusts: Educational, Religious, Etc.",Private Grantmaking Foundations (T20),"PO Box 1090  
 Joplin, MO 64802 
 N/A",MO,2309
J.M. KAPLAN FUND,True,136090286,True,,Family,"New York, Canada, Cuba, United Kingdom, Mexico, Urguay, Turkey, Maryland ",J.M. KAPLAN FUND,,1950.0,813211 Grantmaking Foundations,"6732 Trusts: Educational, Religious, Etc.",Private Grantmaking Foundations (T20),"71 W 23rd St Fl 9  New York NY 10010-3507
 New York, NY 10010 
 WWW.JMKFUND.ORG",NY,425
JAQUELIN HUME FOUNDATION,True,946080099,True,,Family,"National, Washington, D.C., New York, California, Virginia, Massachusetts",JAQUELIN HUME FOUNDATION,,1964.0,813211 Grantmaking Foundations,"6732 Trusts: Educational, Religious, Etc.",Private Grantmaking Foundations (T20),"3640 Washington St  
 San Francisco, CA 94118 
 N/A",CA,3439
KERN FAMILY FOUNDATION,True,391923558,True,,Family,Pennsylvania,KERN FAMILY FOUNDATION,,1999.0,813211 Grantmaking Foundations,"6732 Trusts: Educational, Religious, Etc.",Private Grantmaking Foundations (T20),"W305s4239 Brookhill Rd  
 Waukesha, WI 53189 USA
 
                             Clement  Mariaselvanayagam 
                          
 info@kffdn.org
 www.kffdn.org
 
                                Main Office Phone: (262) 968-6838
                              
 W305s4239 Brookhill Rd  
 Waukesha, WI 53189 
 W305s4239 Brookhill Rd  
 Waukesha, WI 53189 ",WI,2846
LAKESIDE FOUNDATION,True,946066229,True,,Family,"South Carolina, California, Lebanon, Kenya, Massachusetts, Mexico, Virginia",LAKESIDE FOUNDATION,,1956.0,813211 Grantmaking Foundations,"6732 Trusts: Educational, Religious, Etc.",Private Grantmaking Foundations (T20),"3697 Mt Diablo Blvd Ste 205  
 Lafayette, CA 94549 ",CA,1604
LAURA AND JOHN ARNOLD FOUNDATION,True,263241764,True,,Family,"National, Norway, Canada, Denmark, Massachusetts, Texas, China, California, Virginia, Washington, D.C., United Kingdom, New York ",LAURA AND JOHN ARNOLD FOUNDATION,,2009.0,813211 Grantmaking Foundations,"6732 Trusts: Educational, Religious, Etc.",(Private Grantmaking Foundations) (T20),"2800 Post Oak Blvd Ste 225  
 Houston, TX 77056 USA
 

 WWW.ARNOLDFODNDATION.ORG",TX,1038
"LILLIAN S. WELLS FOUNDATION, INC.",True,237433827,True,,Family,"Illinois, Florida, Delaware, Connecticut, Washington, D.C., Virginia","LILLIAN S. WELLS FOUNDATION, INC.",,1975.0,813211 Grantmaking Foundations,"6732 Trusts: Educational, Religious, Etc.",Private Grantmaking Foundations (T20),"600 SE 4th St  Fort Lauderdale FL 33301-2215
 Fort Lauderdale, FL 33301 ",FL,3342
LILLY ENDOWMENT INC.,True,350868122,True,,Family,"National, Indiana, Ethiopia, Canada",LILLY ENDOWMENT INC.,,1938.0,813211 Grantmaking Foundations,"6732 Trusts: Educational, Religious, Etc.",Private Grantmaking Foundations (T20),"2801 N Meridian St  
 Indianapolis, IN 46208 
 WWW.LILLYENDOWMENT.ORG",IN,939
MERCER FAMILY FOUNDATION,True,201982204,True,,Family,"Illinois, Texas, New York, Virginia, Mexico, Washington, D.C. ",MERCER FAMILY FOUNDATION,,2005.0,813211 Grantmaking Foundations,"6732 Trusts: Educational, Religious, Etc.",Private Independent Foundations (T22),"505 S Flagler Dr Ste 900  West Palm Beach FL 33401-5948
 West Palm Beach, FL 33401 ",FL,3682
"NOBLE RESEARCH INSTITUTE, LLC",True,730606209,True,,Family,"Oklahoma, Georgia, Texas","NOBLE RESEARCH INSTITUTE, LLC",,1955.0,541720 Research and Development in the Social Sciences and Humanities,"8733 Noncommercial Research Organizations
 8732 Commercial Nonphysical Research","Research Institutes and/or Public Policy Analysis (K05)
 Agricultural Programs (K20)
 Research Institutes and/or Public Policy Analysis (C05)","2510 Sam Noble Pkwy  
 Ardmore, OK 73401 USA
 
                            Mrs. Alexis  Carter-Black 
                          
 
                                Primary Contact Phone: (580) 224-6246
                              
 amcarterblack@noble.org
 Director of Development;
 www.noble.org
 
                                Main Office Phone: (580) 223-5810
                              
 2510 Sam Noble Pkwy  
 Ardmore, OK 73401 
 2510 Sam Noble Pkwy  
 Ardmore, OK 73401 ",OK,1993
ORANGE CRIMSON FOUNDATION,True,461233894,True,,Family,"Haiti, New York, Washington, D.C., Maryland, Virginia, Pennsylvania",ORANGE CRIMSON FOUNDATION,,2013.0,813211 Grantmaking Foundations,"6732 Trusts: Educational, Religious, Etc.",Private Independent Foundations (T22),"1001 Pennsylvania Ave NW Ste 220s  Washington DC 20004-2525
 Washington, DC 20004 ",DC,1714
RICHARD AND BARBARA GABY FOUNDATION,True,202110682,True,,Family,"Washington, D.C., Georgia, Canada, Romania, Virginia, China, Michigan",RICHARD AND BARBARA GABY FOUNDATION,,2005.0,813211 Grantmaking Foundations,"6732 Trusts: Educational, Religious, Etc.",Private Independent Foundations (T22),"1400 BUFORD HWY STE C1  
 SUGAR HILL, GA 30518 
 
",SU,3260
ROBERT & ARDIS JAMES FOUNDATION INC,True,136880057,True,,Family,"Washington, D.C., Massachusetts, Minnesota, Nebraska, New York, Nicaragua, Connecticut, California, Israel, Kenya, China",ROBERT AND ARDIS JAMES FOUNDATION INC,,1987.0,813211 Grantmaking Foundations,"6732 Trusts: Educational, Religious, Etc.",Private Grantmaking Foundations (T20),"501 Silverside Rd Ste 123  
 Wilmington, DE 19809 ",DE,2565
ROBERT AND ARDIS JAMES FOUNDATION INC,True,463298762,True,,Family,"New York, Israel, Kenya, China, Washington, D.C., Massachusetts, Nicaragua, Connecticut, Nebraska",ROBERT AND ARDIS JAMES FOUNDATION INC,,2014.0,813211 Grantmaking Foundations,"6732 Trusts: Educational, Religious, Etc.",Private Grantmaking Foundations (T20),"501 Silverside Rd  
 Wilmington, DE 19809 ",DE,1223
ROSE-MARIE AND JACK R. ANDERSON FOUNDATION,True,752542403,True,,Family,"New York, California, Pennsylvania, Indiana, Washington, D.C., Connecticut, Tennessee, Ohio, Texas, Vietnam, Florida, Arizona",ROSE-MARIE AND JACK R. ANDERSON FOUNDATION,,1994.0,813211 Grantmaking Foundations,"6732 Trusts: Educational, Religious, Etc.",Private Grantmaking Foundations (T20),"5000 Legacy Dr Ste 425  Plano TX 75024-3186
 Plano, TX 75024 ",TX,1828
ALLEGHENY FOUNDATION,True,256012303,True,,Family,Pennsylvania,SCAIFE FAMILY FOUNDATIONS,,1956.0,813211 Grantmaking Foundations,"6732 Trusts: Educational, Religious, Etc.",Private Grantmaking Foundations (T20),"301 Grant St Ste 3900  
 Pittsburgh, PA 15219 
 WWW.SCAIFE.COM",PA,1326
SORENSON LEGACY FOUNDATION,True,453240491,True,,Family,"Utah, Nepal, Mali, Jordan, Morocco",SORENSON LEGACY FOUNDATION,,2011.0,813211 Grantmaking Foundations,"6732 Trusts: Educational, Religious, Etc.",Private Independent Foundations (T22),"6900 S 900 E Ste 230  
 Midvale, UT 84047 
 SORENSONLEGACYFOUNDATION.ORG",UT,2868
GROVER HERMANN FOUNDATION THE,True,366064489,True,,Family,"Illinois, California, Washingotn, D.C., Montana, Pakistan, Virginia",GROVER HERMANN FOUNDATION The,,1957.0,813211 Grantmaking Foundations,"6732 Trusts: Educational, Religious, Etc.",Private Grantmaking Foundations (T20),"908 Kenmare Dr  
 Burr Ridge, IL 60527 ",IL,3949
KOVNER FOUNDATION THE,True,223468030,True,,Family,"New York, Washington, D.C., United Kingdom, New Jersey, Switzerland, Israel, Kenya, Florida",KOVNER FOUNDATION The,,1996.0,813211 Grantmaking Foundations,"6732 Trusts: Educational, Religious, Etc.",Private Independent Foundations (T22),"1001 N US Highway 1 Ste 400  
 Jupiter, FL 33477 
 THEKOVNERFOUNDATION.ORG",FL,922
KRIEBLE FOUNDATION THE,True,61011349,True,,Family,"Virginia, Colorado, Canada, California, Washington, D.C., United Kingdom, Michigan, New York",KRIEBLE FOUNDATION THE,,1979.0,813211 Grantmaking Foundations,"6732 Trusts: Educational, Religious, Etc.",Private Grantmaking Foundations (T20),"306 Main St # 400  Worcester MA 01608-1550
 Worcester, MA 01608 
 NONE",MA,110
MALONE FAMILY FOUNDATION THE,True,841408520,True,,Family,"National, Colorado, Idaho, California",MALONE FAMILY FOUNDATION The,,1998.0,813211 Grantmaking Foundations,"6732 Trusts: Educational, Religious, Etc.",Corporate Foundations (T21),"3224 Unit B Highway 230  Encampment, WY 82325
 Encampment, WY 82325 
 www.malonefamilyfoundation.org",WY,2627
"MARCUS FOUNDATION, INC. THE",True,581815651,True,,Family,"Georgia, New York, Canada, Israel","MARCUS FOUNDATION, INC. The",,1989.0,813211 Grantmaking Foundations,"6732 Trusts: Educational, Religious, Etc.",Private Grantmaking Foundations (T20),"1266 W Paces Ferry Rd NW Ste 615  Atlanta GA 30327-2306
 Atlanta, GA 30327 ",GA,2194
ROBERTS FOUNDATION THE,True,942967074,True,,Family,"California, Indonesia, Tanzania, India, Laos, Zambia, Hawaii, Sri Lanka, Vietnam, Nepal, South Africa, Israel, Bangladesh, Cambodia, New York ",ROBERTS FOUNDATION The,,1985.0,813211 Grantmaking Foundations,"6732 Trusts: Educational, Religious, Etc.",Private Grantmaking Foundations (T20),"2755 Campus Dr Ste 240  San Mateo CA 94403-2515
 San Mateo, CA 94403 
 N/A",CA,1635
ROE FOUNDATION THE,True,237011541,True,,Family,"Washington, D.C., Virginia, South Carolina, Pakistan",ROE FOUNDATION The,,1969.0,813211 Grantmaking Foundations,"6732 Trusts: Educational, Religious, Etc.",Private Grantmaking Foundations (T20),"301 N Main St Ste 1735  
 Greenville, SC 29601 ",SC,3401
WILLIAM H. DONNER FOUNDATION THE,True,231611346,True,,Family,"California, Colorado, Virginia, New York, India, Czech Republic, Cuba, Washington, D.C., Mexico, Bhutan, Florida ",WILLIAM H. DONNER FOUNDATION The,,1963.0,813211 Grantmaking Foundations,"6732 Trusts: Educational, Religious, Etc.",Private Grantmaking Foundations (T20),"520 White Plains Rd Ste 1560  
 Tarrytown, NY 10591 
 WWW.DONNER.ORG",NY,1059
"TRIAD FOUNDATION, INC.",True,300108102,True,,Family,"New York, North Carolina, Flordia, Haiti, Washington, D.C., Israel, Bermuda, Mexico, Democratic Republic of the Congo, Israel ","TRIAD FOUNDATION, INC.",,2002.0,813211 Grantmaking Foundations,"6732 Trusts: Educational, Religious, Etc.",Private Grantmaking Foundations (T20),"15 Ascot Pl  
 Ithaca, NY 14850 ",NY,1601
TULLY AND ELISE FRIEDMAN FUND,True,943264446,True,,Family,"California, New York, Colorado, Connecticut",TULLY AND ELISE FRIEDMAN FUND,,1997.0,813211 Grantmaking Foundations,"6732 Trusts: Educational, Religious, Etc.",Private Independent Foundations (T22),"1 Maritime Plz Ste 2200  
 San Francisco, CA 94111 
 AG.CA.GOV/CHARITIES",CA,3695
WALTON FAMILY FOUNDATION,True,133441466,True,,Family,"Bentonville, Arkansas",WALTON FAMILY FOUNDATION,,1988.0,813211 Grantmaking Foundations,"6732 Trusts: Educational, Religious, Etc.",Private Grantmaking Foundations (T20),"PO Box 1860  
 Bentonville, AR 72712 USA
 

 https://www.waltonfamilyfoundation.org/
 
                                Main Office Phone: (479) 464-1579
                              ",AR,738
"WILLIAM E. SIMON FOUNDATION, INC.",True,136217788,True,,Family,"New York, California, Haiti, Democratic Republic of the Congo, South Sudan, New Jersey, Iraq, Nepal, Rwanda, Afghanistan, Washington, D.C., Bosnia and Herzegovina, Nigeria, Kosovo","WILLIAM E. SIMON FOUNDATION, INC.",,1967.0,813211 Grantmaking Foundations,"6732 Trusts: Educational, Religious, Etc.",Private Grantmaking Foundations (T20),"140 E 45th St Ste 14d  
 New York, NY 10017 
 www.wesimonfoundation.org",NY,829
"WILLIAM K. BOWES, JR. FOUNDATION",True,943148482,True,,Family,"California, Sweden, Brazil, France, Italy, Mexico, Puerto Rico","WILLIAM K. BOWES, JR. FOUNDATION",,1992.0,813211 Grantmaking Foundations,"6732 Trusts: Educational, Religious, Etc.",Private Grantmaking Foundations (T20),"1660 Bush St # 300  San Francisco CA 94109-5308
 San Francisco, CA 94109 
 WWW.WKBOWESJRFOUNDATION.ORG",CA,2191
DUNN FOUNDATION THE,True,650415977,True,,Family,"Washington, D.C., Virginia, Montana, California, United Kingdom, Ireland, Illinois, Pennsylvania",DUNN FOUNDATION THE,,1994.0,813211 Grantmaking Foundations,"6732 Trusts: Educational, Religious, Etc.",Private Grantmaking Foundations (T20),"Foundation Source 501 Silverside Rd  
 Wilmington, DE 19809 ",DE,1810
JOHN TEMPLETON FOUNDATION,True,621322826,True,,Family,"National, Pennsylvania, Canada, Washington, D.C., New York, California, Illinois, United Kingdom, Massachusetts",JOHN TEMPLETON FOUNDATION,,1988.0,813219 Other Grantmaking and Giving Services,"8399 Social Services, NEC","Other Philanthropy, Voluntarism, and Grantmaking Foundations N.E.C. (T99)","300 Conshohocken State Rd  Conshohocken PA 19428-3801
 Conshohocken, PA 19428 
 www.templeton.org",PA,1416
SMITH RICHARDSON FOUNDATION,True,560611550,True,,Family,"National, International, Asia, Europe, Middle East, California, Virginia, China, Washington, D.C., Russia, Afghanistan, New York, Connecticut, United Kingdom, Massachusetts, North Carolina",SMITH RICHARDSON FOUNDATION,,1948.0,813211 Grantmaking Foundations,"6732 Trusts: Educational, Religious, Etc.",Private Grantmaking Foundations (T20),"701 Green Valley Rd Ste 300  
 Greensboro, NC 27408 
 WWW.SRF.ORG",NC,594
AMBROSE MONELL FOUNDATION,True,131982683,True,,Independent,"New York, Dominican Republic, Haiti, Washington, D.C., Kazakhstan, Czech Republic ",AMBROSE MONELL FOUNDATION,,1953.0,813211 Grantmaking Foundations,"6732 Trusts: Educational, Religious, Etc.",Private Grantmaking Foundations (T20),"1 Rockefeller Plz Rm 301  
 New York, NY 10020 
 WWW.MONELLFOUNDATION.ORG",NY,1214
ACHELIS AND BODMAN FOUNDATION THE,True,136022018,True,,Independent,"New York, Sudan, New Jersey, Iraq, Nepal, Syria",BODMAN FOUNDATIONS,,1941.0,813211 Grantmaking Foundations,"6732 Trusts: Educational, Religious, Etc.",Private Grantmaking Foundations (T20),"767 3rd Ave  New York NY 10017-2023
 New York, NY 10017 
 WWW.ACHELIS-BODMAN-FNDS.ORG",NY,1687
BODMAN FOUNDATION THE,True,136022016,True,,Independent,"New York, New Jersey, Czech Republic, Spain, Philippines, Egypt, Portugal, Afghanistan, Washington, D.C., Pakistan, Sudan, Iran, Israel",BODMAN FOUNDATIONS,,1946.0,813211 Grantmaking Foundations,"6732 Trusts: Educational, Religious, Etc.",Private Grantmaking Foundations (T20),"767 3rd Ave  
 New York, NY 10017 
 WWW.ACHELIS-BODMAN-FNDS.ORG",NY,1950
"LYNDE AND HARRY BRADLEY FOUNDATION, INC. THE",True,396037928,True,,Independent,"National, Wisconsin, Turkey, Canada, Washington, D.C., New York, Virginia, Mexico, Austria, California, Russia, Ukraine",LYNDE AND HARRY BRADLEY FOUNDATION,,1943.0,813211 Grantmaking Foundations,"6732 Trusts: Educational, Religious, Etc.",Private Independent Foundations (T22),"1241 N Franklin Pl  
 Milwaukee, WI 53202 USA
 
                            Ms. Marion L Dow-Vass 
                          
 
                                Primary Contact Phone: (414) 291-9915
                              
 General@bradleyfdn.org
 Grants Administrator
 www.bradleyfdn.org
 
                                Main Office Phone: (414) 291-9915
                              
 1241 N Franklin Pl  
 Milwaukee, WI 53202 ",WI,36
CLAWS FOUNDATION,True,201658710,True,,Independent,"Pennsylvania, Virginia, Israel, Washington, D.C., New York, California",CLAWS FOUNDATION,,2004.0,813211 Grantmaking Foundations,"6732 Trusts: Educational, Religious, Etc.",Private Grantmaking Foundations (T20),"12030 Sunrise Valley Dr Ste 450  
 Reston, VA 20191 
 N/A",VA,673
DANIELS FUND,True,841393308,True,,Independent,"Colorado, Wyoming, New Mexico, Utah, Guatemala, United Kingdom, Malaysia, South Africa, Canada, Mexico, Vietnam, Zimbabwe",DANIELS FUND,,1997.0,813219 Other Grantmaking and Giving Services,"8399 Social Services, NEC","Other Philanthropy, Voluntarism, and Grantmaking Foundations N.E.C. (T99)","101 Monroe St  
 Denver, CO 80206 
 WWW.DANIELSFUND.ORG",CO,2206
EWING MARION KAUFFMAN FOUNDATION,True,436064859,True,,Independent,"National, Missouri, Kansas, Washington, D.C., Dominican Republic, California, Spain, Italy, India, South Korea, China, Austria, New York",EWING MARION KAUFFMAN FOUNDATION,,1966.0,813211 Grantmaking Foundations,"6732 Trusts: Educational, Religious, Etc.",Private Grantmaking Foundations (T20),"4801 Rockhill Rd  
 Kansas City, MO 64110 
 www.kauffman.org",MO,3500
"GALASHIELS FUND, LTD",True,943059858,True,,Independent,"Massachusetts, California, New Hampshire, Illinois, Indiana, New York, Washington, D.C., Zimbabwe","GALASHIELS FUND, LTD",,1988.0,813211 Grantmaking Foundations,"6732 Trusts: Educational, Religious, Etc.",Private Grantmaking Foundations (T20),"555 Skokie Blvd Ste 555  
 Northbrook, IL 60062 
 N/A",IL,2200
JEAN PERKINS FOUNDATION,True,330436485,True,,Independent,"California, Texas",JEAN PERKINS FOUNDATION,,1991.0,813211 Grantmaking Foundations,"6732 Trusts: Educational, Religious, Etc.",Private Grantmaking Foundations (T20),"10880 Wilshire Blvd Ste 800  
 Los Angeles, CA 90024 ",CA,3725
JOHN D. AND CATHERINE T. MACARTHUR FOUNDATION,True,237093598,True,,Independent,"National, International, India, Nigeria, Mexico, Illinois, New York, California, Russia, Washington, D.C., Massachusetts",JOHN D. AND CATHERINE T. MACARTHUR FOUNDATION,,1971.0,813211 Grantmaking Foundations,"6732 Trusts: Educational, Religious, Etc.",Private Independent Foundations (T22),"140 South Dearborn Street Suite 1200 
 Chicago, IL 60603 USA
 
                            Ms. Kristen  Mack 
                          
 kmack@macfound.org
 Managing Director, Communications
 www.macfound.org
 
                                Main Office Phone: (312) 726-8000
                              
 140 South Dearborn Street Suite 1200 
 Chicago, IL 60603 
 140 South Dearborn Street Suite 1200 
 Chicago, IL 60603 ",IL,2770
JOHN WILLIAM POPE FOUNDATION,True,581691765,True,,Independent,"Washington, D.C., Virginia, North Carolina",JOHN WILLIAM POPE FOUNDATION,,1986.0,813211 Grantmaking Foundations,"6732 Trusts: Educational, Religious, Etc.",Private Grantmaking Foundations (T20),"4601 Six Forks Rd Ste 300  
 Raleigh, NC 27609 USA
 
                             Kim  Overton 
                          
 info@jwpf.org
 Chief Administrative Officer
 www.jwpf.org
 4601 Six Forks Rd Ste 300  
 Raleigh, NC 27609 
 N/A  
 N/A, NC 99999 ",NC,1122
KORET FOUNDATION,True,941624987,True,,Independent,"California, Israel, Poland",KORET FOUNDATION,,1966.0,,,Unknown (Z99),"611 Front St  
 San Francisco, CA 94111 
 WWW.KORETFOUNDATION.ORG",CA,3010
M.J. MURDOCK CHARITABLE TRUST,True,237456468,True,,Independent,"Oregon, Idaho, Alaska, Washington, Montana, Rwanda, Russia, Canada, Haiti",M.J. MURDOCK CHARITABLE TRUST,,1975.0,813211 Grantmaking Foundations,"6732 Trusts: Educational, Religious, Etc.",Private Independent Foundations (T22),"655 W Columbia Way Ste 700  
 Vancouver, WA 98660 
 WWW.MURDOCKTRUST.ORG",WA,3252
PIERRE F. AND ENID GOODRICH FOUNDATION,True,356056960,True,,Independent,"National, California, Virginia, Canada, Washington, D.C., Brazil, Guatemala, Michigan, United Kingdom, Indiana",PIERRE F. AND ENID GOODRICH FOUNDATION,,1966.0,813211 Grantmaking Foundations,"6732 Trusts: Educational, Religious, Etc.",Private Grantmaking Foundations (T20),"11301 N Meridian St  
 Carmel, IN 46032 
 N/A",IN,3035
PROMETHEUS FOUNDATION,True,271456655,True,,Independent,"California, Virginia, United Kingdom, Washington, D.C., Colorado",PROMETHEUS FOUNDATION,,2010.0,813211 Grantmaking Foundations,"6732 Trusts: Educational, Religious, Etc.",Private Grantmaking Foundations (T20),"2555 Altamar Dr  
 Laguna Beach, CA 92651 
 WWW.PROMETHEUSFDN.ORG",CA,3738
"S.D. BECHTEL, JR. FOUNDATION",True,203759208,True,,Independent,"California, China, Australia, West Bank/Gaza (Palestinian Territories), Egypt, Mexico, Vietnam, United Kingdom, Israel","S.D. BECHTEL, JR. FOUNDATION",,2006.0,813211 Grantmaking Foundations,"6732 Trusts: Educational, Religious, Etc.",(Private Independent Foundations) (T22),"Po Box 193809  
 San Francisco, CA 94119 USA
 

 N/A",CA,237
"SARAH SCAIFE FOUNDATION, INC.",True,251113452,True,,Independent,"Virginia, Washington, D.C., New York, Pennsylvania, United Kingdom",SCAIFE FAMILY FOUNDATIONS,,1960.0,813211 Grantmaking Foundations,"6732 Trusts: Educational, Religious, Etc.",Private Grantmaking Foundations (T20),"301 Grant St Ste 3900  
 Pittsburgh, PA 15219 
 WWW.SCAIFE.COM",PA,2860
SEARLE FREEDOM TRUST,True,367244615,True,,Independent,"National, New York, Virginia, Jordan, Illinois, Washington, D.C., Canada, Holy See, California",SEARLE FREEDOM TRUST,,1999.0,813211 Grantmaking Foundations,"6732 Trusts: Educational, Religious, Etc.",Private Independent Foundations (T22),"225 W Washington St Fl 28  Chicago IL 60606-3563
 Chicago, IL 60606 ",IL,286
HERBERT H. AND GRACE A. DOW FOUNDATION THE,True,381437485,True,,Independent,"Michigan, Mexico, Canada",HERBERT H. AND GRACE A. DOW FOUNDATION The,,1943.0,813211 Grantmaking Foundations,"6732 Trusts: Educational, Religious, Etc.",Private Grantmaking Foundations (T20),"1018 W Main St  
 Midland, MI 48640 
 WWW.HHGADOWFDN.ORG",MI,3372
STARR FOUNDATION THE,True,136151545,True,,Independent,"National, International, New York, Asia, Japan, Israel, China",STARR FOUNDATION The,,1958.0,813211 Grantmaking Foundations,"6732 Trusts: Educational, Religious, Etc.",Private Grantmaking Foundations (T20),"399 Park Avenue 3rd Fl  
 New York, NY 10022 USA
 
                             Abigail  Opoku-Agyemang 
                          
 
                                Primary Contact Phone: (212) 909-3600
                              
 abigail.opoku@starrfoundation.org
 Director, Program and Grants Administration
 http://starrfoundation.org
 
                                Main Office Phone: (212) 909-3600
                              
 399 Park Avenue 3rd Fl  
 New York, NY 10022 
 399 Park Avenue 3rd Fl  
 New York, NY 10022 ",NY,1670
WILLIAM AND FLORA HEWLETT FOUNDATION THE,True,941655673,True,,Independent,"California, China, Latin America, Southern Asia, Sub-Saharan Africa, India, Brazil, Mexico, Washington, D.C.",WILLIAM AND FLORA HEWLETT FOUNDATION The,,1968.0,813211 Grantmaking Foundations,"6732 Trusts: Educational, Religious, Etc.",Corporate Foundations (T21),"2121 Sand Hill Rd  
 Menlo Park, CA 94025 USA
 

 
                                Primary Contact Phone: () -
                              
 https://hewlett.org/",CA,2471
THOMAS W SMITH FOUNDATION INC,True,473862135,True,,Independent,"Connecticut, Washington, D.C., New York, Virginia, Idaho",THOMAS W SMITH FOUNDATION INC,,2015.0,813211 Grantmaking Foundations,"6732 Trusts: Educational, Religious, Etc.",Private Independent Foundations (T22),"2200 Butts Rd Ste 320  
 Boca Raton, FL 33431 ",FL,2550
"U.S. JUSTICE CHARITABLE FOUNDATION, INC.",True,262588270,True,,Independent,"Washington, D.C., Missouri, Colorado, California, Ohio, South Carolina, Pennsylvania","U.S. JUSTICE CHARITABLE FOUNDATION, INC.",,2008.0,813211 Grantmaking Foundations,"6732 Trusts: Educational, Religious, Etc.",(Private Independent Foundations) (T22),"2009 Massachusetts Avenue NW  
 Washington, DC 20036 USA
 

 N/A
 
                                Main Office Phone: (310) 529-9742
                              ",DC,3589
SUSQUEHANNA FOUNDATION,True,232732477,True,,Operating,"National, New York, Pennsylvania, Israel, Washington, D.C., Tanzania, Virginia",SUSQUEHANNA FOUNDATION,,1994.0,813211 Grantmaking Foundations,"6732 Trusts: Educational, Religious, Etc.",Private Grantmaking Foundations (T20),"401 E City Ave Ste 220  
 Bala Cynwyd, PA 19004 
 N/A",PA,2784
RICHARD SETH STALEY EDUCATIONAL FOUNDATION THE,True,953532336,True,,Operating,"Colorado, New York, California, Washington, D.C., Virginia, Washington",RICHARD SETH STALEY EDUCATIONAL FOUNDATION The,,1981.0,813219 Other Grantmaking and Giving Services,"8399 Social Services, NEC",Single Organization Support (B11),"PO Box 4129  
 Aspen, CO 81612 ",CO,2420
PHARMACEUTICAL RESEARCH AND MANUFACTURERS OF AMERICA,False,530241211,True,,,,PHARMACEUTICAL RESEARCH AND MANUFACTURERS OF AMERICA,,1959.0,621999 All Other Miscellaneous Ambulatory Health Care Services,"8099 Health and Allied Services, NEC",Health Support Services (E60),"950 F St NW Ste 300  
 Washington, DC 20004 
 WWW.PHRMA.ORG",DC,156
