,ein,level,block,name
0,26-1658339,0,137,CONSUMER ENERGY ALLIANCE
1,26-1658339,1,24,CONSUMER ENERGY ALLIANCE
2,26-1658339,2,4,CONSUMER ENERGY ALLIANCE
3,26-1658339,3,0,CONSUMER ENERGY ALLIANCE
4,26-1658339,4,5,CONSUMER ENERGY ALLIANCE
5,26-1658339,5,4,CONSUMER ENERGY ALLIANCE
6,26-1658339,6,1,CONSUMER ENERGY ALLIANCE
7,26-1658339,7,2,CONSUMER ENERGY ALLIANCE
8,26-1658339,8,1,CONSUMER ENERGY ALLIANCE
9,nan,0,124,
10,nan,1,22,
11,nan,2,11,
12,nan,3,7,
13,nan,4,5,
14,nan,5,4,
15,nan,6,1,
16,nan,7,2,
17,nan,8,1,
18,62-1322826,0,114,JOHN TEMPLETON FOUNDATION
19,62-1322826,1,13,JOHN TEMPLETON FOUNDATION
20,62-1322826,2,1,JOHN TEMPLETON FOUNDATION
21,62-1322826,3,4,JOHN TEMPLETON FOUNDATION
22,62-1322826,4,5,JOHN TEMPLETON FOUNDATION
23,62-1322826,5,4,JOHN TEMPLETON FOUNDATION
24,62-1322826,6,1,JOHN TEMPLETON FOUNDATION
25,62-1322826,7,2,JOHN TEMPLETON FOUNDATION
26,62-1322826,8,1,JOHN TEMPLETON FOUNDATION
27,52-1916480,0,5,NATIONAL MINING ASSOCIATION
28,52-1916480,1,24,NATIONAL MINING ASSOCIATION
29,52-1916480,2,4,NATIONAL MINING ASSOCIATION
30,52-1916480,3,0,NATIONAL MINING ASSOCIATION
31,52-1916480,4,5,NATIONAL MINING ASSOCIATION
32,52-1916480,5,4,NATIONAL MINING ASSOCIATION
33,52-1916480,6,1,NATIONAL MINING ASSOCIATION
34,52-1916480,7,2,NATIONAL MINING ASSOCIATION
35,52-1916480,8,1,NATIONAL MINING ASSOCIATION
36,77-0099744,0,121,ADVOCATES FOR SELF GOVERNMENT
37,77-0099744,1,24,ADVOCATES FOR SELF GOVERNMENT
38,77-0099744,2,4,ADVOCATES FOR SELF GOVERNMENT
39,77-0099744,3,0,ADVOCATES FOR SELF GOVERNMENT
40,77-0099744,4,5,ADVOCATES FOR SELF GOVERNMENT
41,77-0099744,5,4,ADVOCATES FOR SELF GOVERNMENT
42,77-0099744,6,1,ADVOCATES FOR SELF GOVERNMENT
43,77-0099744,7,2,ADVOCATES FOR SELF GOVERNMENT
44,77-0099744,8,1,ADVOCATES FOR SELF GOVERNMENT
45,26-2588270,0,63,"U.S. JUSTICE CHARITABLE FOUNDATION, INC."
46,26-2588270,1,17,"U.S. JUSTICE CHARITABLE FOUNDATION, INC."
47,26-2588270,2,5,"U.S. JUSTICE CHARITABLE FOUNDATION, INC."
48,26-2588270,3,7,"U.S. JUSTICE CHARITABLE FOUNDATION, INC."
49,26-2588270,4,5,"U.S. JUSTICE CHARITABLE FOUNDATION, INC."
50,26-2588270,5,4,"U.S. JUSTICE CHARITABLE FOUNDATION, INC."
51,26-2588270,6,1,"U.S. JUSTICE CHARITABLE FOUNDATION, INC."
52,26-2588270,7,2,"U.S. JUSTICE CHARITABLE FOUNDATION, INC."
53,26-2588270,8,1,"U.S. JUSTICE CHARITABLE FOUNDATION, INC."
54,53-0218495,0,138,AMERICAN ENTERPRISE INSTITUTE FOR PUBLIC POLICY RESEARCH
55,53-0218495,1,8,AMERICAN ENTERPRISE INSTITUTE FOR PUBLIC POLICY RESEARCH
56,53-0218495,2,13,AMERICAN ENTERPRISE INSTITUTE FOR PUBLIC POLICY RESEARCH
57,53-0218495,3,4,AMERICAN ENTERPRISE INSTITUTE FOR PUBLIC POLICY RESEARCH
58,53-0218495,4,5,AMERICAN ENTERPRISE INSTITUTE FOR PUBLIC POLICY RESEARCH
59,53-0218495,5,4,AMERICAN ENTERPRISE INSTITUTE FOR PUBLIC POLICY RESEARCH
60,53-0218495,6,1,AMERICAN ENTERPRISE INSTITUTE FOR PUBLIC POLICY RESEARCH
61,53-0218495,7,2,AMERICAN ENTERPRISE INSTITUTE FOR PUBLIC POLICY RESEARCH
62,53-0218495,8,1,AMERICAN ENTERPRISE INSTITUTE FOR PUBLIC POLICY RESEARCH
63,81-0393444,0,89,PROPERTY AND ENVIRONMENT RESEARCH CENTER
64,81-0393444,1,5,PROPERTY AND ENVIRONMENT RESEARCH CENTER
65,81-0393444,2,2,PROPERTY AND ENVIRONMENT RESEARCH CENTER
66,81-0393444,3,5,PROPERTY AND ENVIRONMENT RESEARCH CENTER
67,81-0393444,4,5,PROPERTY AND ENVIRONMENT RESEARCH CENTER
68,81-0393444,5,4,PROPERTY AND ENVIRONMENT RESEARCH CENTER
69,81-0393444,6,1,PROPERTY AND ENVIRONMENT RESEARCH CENTER
70,81-0393444,7,2,PROPERTY AND ENVIRONMENT RESEARCH CENTER
71,81-0393444,8,1,PROPERTY AND ENVIRONMENT RESEARCH CENTER
72,36-0725250,0,26,AMERICAN FEED INDUSTRY ASSOCIATION
73,36-0725250,1,12,AMERICAN FEED INDUSTRY ASSOCIATION
74,36-0725250,2,13,AMERICAN FEED INDUSTRY ASSOCIATION
75,36-0725250,3,4,AMERICAN FEED INDUSTRY ASSOCIATION
76,36-0725250,4,5,AMERICAN FEED INDUSTRY ASSOCIATION
77,36-0725250,5,4,AMERICAN FEED INDUSTRY ASSOCIATION
78,36-0725250,6,1,AMERICAN FEED INDUSTRY ASSOCIATION
79,36-0725250,7,2,AMERICAN FEED INDUSTRY ASSOCIATION
80,36-0725250,8,1,AMERICAN FEED INDUSTRY ASSOCIATION
81,27-1763901,0,68,PRAGERU (PRAGER UNIVERSITY)
82,27-1763901,1,7,PRAGERU (PRAGER UNIVERSITY)
83,27-1763901,2,5,PRAGERU (PRAGER UNIVERSITY)
84,27-1763901,3,7,PRAGERU (PRAGER UNIVERSITY)
85,27-1763901,4,5,PRAGERU (PRAGER UNIVERSITY)
86,27-1763901,5,4,PRAGERU (PRAGER UNIVERSITY)
87,27-1763901,6,1,PRAGERU (PRAGER UNIVERSITY)
88,27-1763901,7,2,PRAGERU (PRAGER UNIVERSITY)
89,27-1763901,8,1,PRAGERU (PRAGER UNIVERSITY)
90,26-2176691,0,54,CAESAR RODNEY INSTITUTE
91,26-2176691,1,17,CAESAR RODNEY INSTITUTE
92,26-2176691,2,5,CAESAR RODNEY INSTITUTE
93,26-2176691,3,7,CAESAR RODNEY INSTITUTE
94,26-2176691,4,5,CAESAR RODNEY INSTITUTE
95,26-2176691,5,4,CAESAR RODNEY INSTITUTE
96,26-2176691,6,1,CAESAR RODNEY INSTITUTE
97,26-2176691,7,2,CAESAR RODNEY INSTITUTE
98,26-2176691,8,1,CAESAR RODNEY INSTITUTE
99,74-6047137,0,146,COMMONWEALTH FOUNDATION
100,74-6047137,1,23,COMMONWEALTH FOUNDATION
101,74-6047137,2,11,COMMONWEALTH FOUNDATION
102,74-6047137,3,7,COMMONWEALTH FOUNDATION
103,74-6047137,4,5,COMMONWEALTH FOUNDATION
104,74-6047137,5,4,COMMONWEALTH FOUNDATION
105,74-6047137,6,1,COMMONWEALTH FOUNDATION
106,74-6047137,7,2,COMMONWEALTH FOUNDATION
107,74-6047137,8,1,COMMONWEALTH FOUNDATION
108,53-0116145,0,44,NATIONAL RURAL ELECTRIC COOPERATIVE ASSOCIATION
109,53-0116145,1,13,NATIONAL RURAL ELECTRIC COOPERATIVE ASSOCIATION
110,53-0116145,2,1,NATIONAL RURAL ELECTRIC COOPERATIVE ASSOCIATION
111,53-0116145,3,4,NATIONAL RURAL ELECTRIC COOPERATIVE ASSOCIATION
112,53-0116145,4,5,NATIONAL RURAL ELECTRIC COOPERATIVE ASSOCIATION
113,53-0116145,5,4,NATIONAL RURAL ELECTRIC COOPERATIVE ASSOCIATION
114,53-0116145,6,1,NATIONAL RURAL ELECTRIC COOPERATIVE ASSOCIATION
115,53-0116145,7,2,NATIONAL RURAL ELECTRIC COOPERATIVE ASSOCIATION
116,53-0116145,8,1,NATIONAL RURAL ELECTRIC COOPERATIVE ASSOCIATION
117,94-3008370,0,71,INDEPENDENT INSTITUTE
118,94-3008370,1,24,INDEPENDENT INSTITUTE
119,94-3008370,2,4,INDEPENDENT INSTITUTE
120,94-3008370,3,0,INDEPENDENT INSTITUTE
121,94-3008370,4,5,INDEPENDENT INSTITUTE
122,94-3008370,5,4,INDEPENDENT INSTITUTE
123,94-3008370,6,1,INDEPENDENT INSTITUTE
124,94-3008370,7,2,INDEPENDENT INSTITUTE
125,94-3008370,8,1,INDEPENDENT INSTITUTE
126,52-0140979,0,54,AMERICAN LEGISLATIVE EXCHANGE COUNCIL
127,52-0140979,1,17,AMERICAN LEGISLATIVE EXCHANGE COUNCIL
128,52-0140979,2,5,AMERICAN LEGISLATIVE EXCHANGE COUNCIL
129,52-0140979,3,7,AMERICAN LEGISLATIVE EXCHANGE COUNCIL
130,52-0140979,4,5,AMERICAN LEGISLATIVE EXCHANGE COUNCIL
131,52-0140979,5,4,AMERICAN LEGISLATIVE EXCHANGE COUNCIL
132,52-0140979,6,1,AMERICAN LEGISLATIVE EXCHANGE COUNCIL
133,52-0140979,7,2,AMERICAN LEGISLATIVE EXCHANGE COUNCIL
134,52-0140979,8,1,AMERICAN LEGISLATIVE EXCHANGE COUNCIL
135,52-1928321,0,11,AMERICA'S FUTURE FOUNDATION
136,52-1928321,1,5,AMERICA'S FUTURE FOUNDATION
137,52-1928321,2,2,AMERICA'S FUTURE FOUNDATION
138,52-1928321,3,5,AMERICA'S FUTURE FOUNDATION
139,52-1928321,4,5,AMERICA'S FUTURE FOUNDATION
140,52-1928321,5,4,AMERICA'S FUTURE FOUNDATION
141,52-1928321,6,1,AMERICA'S FUTURE FOUNDATION
142,52-1928321,7,2,AMERICA'S FUTURE FOUNDATION
143,52-1928321,8,1,AMERICA'S FUTURE FOUNDATION
144,52-1844456,0,29,GENETIC LITERACY PROJECT
145,52-1844456,1,12,GENETIC LITERACY PROJECT
146,52-1844456,2,13,GENETIC LITERACY PROJECT
147,52-1844456,3,4,GENETIC LITERACY PROJECT
148,52-1844456,4,5,GENETIC LITERACY PROJECT
149,52-1844456,5,4,GENETIC LITERACY PROJECT
150,52-1844456,6,1,GENETIC LITERACY PROJECT
151,52-1844456,7,2,GENETIC LITERACY PROJECT
152,52-1844456,8,1,GENETIC LITERACY PROJECT
153,48-0918408,0,47,CHARLES KOCH FOUNDATION
154,48-0918408,1,13,CHARLES KOCH FOUNDATION
155,48-0918408,2,1,CHARLES KOCH FOUNDATION
156,48-0918408,3,4,CHARLES KOCH FOUNDATION
157,48-0918408,4,5,CHARLES KOCH FOUNDATION
158,48-0918408,5,4,CHARLES KOCH FOUNDATION
159,48-0918408,6,1,CHARLES KOCH FOUNDATION
160,48-0918408,7,2,CHARLES KOCH FOUNDATION
161,48-0918408,8,1,CHARLES KOCH FOUNDATION
162,91-1752769,0,102,WASHINGTON POLICY CENTER
163,91-1752769,1,15,WASHINGTON POLICY CENTER
164,91-1752769,2,12,WASHINGTON POLICY CENTER
165,91-1752769,3,4,WASHINGTON POLICY CENTER
166,91-1752769,4,5,WASHINGTON POLICY CENTER
167,91-1752769,5,4,WASHINGTON POLICY CENTER
168,91-1752769,6,1,WASHINGTON POLICY CENTER
169,91-1752769,7,2,WASHINGTON POLICY CENTER
170,91-1752769,8,1,WASHINGTON POLICY CENTER
171,52-1009116,0,59,NATIONAL TAXPAYERS UNION
172,52-1009116,1,23,NATIONAL TAXPAYERS UNION
173,52-1009116,2,11,NATIONAL TAXPAYERS UNION
174,52-1009116,3,7,NATIONAL TAXPAYERS UNION
175,52-1009116,4,5,NATIONAL TAXPAYERS UNION
176,52-1009116,5,4,NATIONAL TAXPAYERS UNION
177,52-1009116,6,1,NATIONAL TAXPAYERS UNION
178,52-1009116,7,2,NATIONAL TAXPAYERS UNION
179,52-1009116,8,1,NATIONAL TAXPAYERS UNION
180,54-1934032,0,84,DONORS CAPITAL FUND
181,54-1934032,1,17,DONORS CAPITAL FUND
182,54-1934032,2,5,DONORS CAPITAL FUND
183,54-1934032,3,7,DONORS CAPITAL FUND
184,54-1934032,4,5,DONORS CAPITAL FUND
185,54-1934032,5,4,DONORS CAPITAL FUND
186,54-1934032,6,1,DONORS CAPITAL FUND
187,54-1934032,7,2,DONORS CAPITAL FUND
188,54-1934032,8,1,DONORS CAPITAL FUND
189,13-3554791,0,4,ATLAS SOCIETY
190,13-3554791,1,24,ATLAS SOCIETY
191,13-3554791,2,4,ATLAS SOCIETY
192,13-3554791,3,0,ATLAS SOCIETY
193,13-3554791,4,5,ATLAS SOCIETY
194,13-3554791,5,4,ATLAS SOCIETY
195,13-3554791,6,1,ATLAS SOCIETY
196,13-3554791,7,2,ATLAS SOCIETY
197,13-3554791,8,1,ATLAS SOCIETY
198,52-2121856,0,47,AMERICAN CONSTITUTIONAL RIGHTS UNION
199,52-2121856,1,13,AMERICAN CONSTITUTIONAL RIGHTS UNION
200,52-2121856,2,1,AMERICAN CONSTITUTIONAL RIGHTS UNION
201,52-2121856,3,4,AMERICAN CONSTITUTIONAL RIGHTS UNION
202,52-2121856,4,5,AMERICAN CONSTITUTIONAL RIGHTS UNION
203,52-2121856,5,4,AMERICAN CONSTITUTIONAL RIGHTS UNION
204,52-2121856,6,1,AMERICAN CONSTITUTIONAL RIGHTS UNION
205,52-2121856,7,2,AMERICAN CONSTITUTIONAL RIGHTS UNION
206,52-2121856,8,1,AMERICAN CONSTITUTIONAL RIGHTS UNION
207,25-1704173,0,44,ALLEGHENY INSTITUTE FOR PUBLIC POLICY
208,25-1704173,1,13,ALLEGHENY INSTITUTE FOR PUBLIC POLICY
209,25-1704173,2,1,ALLEGHENY INSTITUTE FOR PUBLIC POLICY
210,25-1704173,3,4,ALLEGHENY INSTITUTE FOR PUBLIC POLICY
211,25-1704173,4,5,ALLEGHENY INSTITUTE FOR PUBLIC POLICY
212,25-1704173,5,4,ALLEGHENY INSTITUTE FOR PUBLIC POLICY
213,25-1704173,6,1,ALLEGHENY INSTITUTE FOR PUBLIC POLICY
214,25-1704173,7,2,ALLEGHENY INSTITUTE FOR PUBLIC POLICY
215,25-1704173,8,1,ALLEGHENY INSTITUTE FOR PUBLIC POLICY
216,26-2002295,0,71,HERTOG FOUNDATION
217,26-2002295,1,24,HERTOG FOUNDATION
218,26-2002295,2,4,HERTOG FOUNDATION
219,26-2002295,3,0,HERTOG FOUNDATION
220,26-2002295,4,5,HERTOG FOUNDATION
221,26-2002295,5,4,HERTOG FOUNDATION
222,26-2002295,6,1,HERTOG FOUNDATION
223,26-2002295,7,2,HERTOG FOUNDATION
224,26-2002295,8,1,HERTOG FOUNDATION
225,65-0415977,0,109,DUNN FOUNDATION THE
226,65-0415977,1,25,DUNN FOUNDATION THE
227,65-0415977,2,11,DUNN FOUNDATION THE
228,65-0415977,3,7,DUNN FOUNDATION THE
229,65-0415977,4,5,DUNN FOUNDATION THE
230,65-0415977,5,4,DUNN FOUNDATION THE
231,65-0415977,6,1,DUNN FOUNDATION THE
232,65-0415977,7,2,DUNN FOUNDATION THE
233,65-0415977,8,1,DUNN FOUNDATION THE
234,26-2417908,0,138,YOUNG AMERICANS FOR LIBERTY
235,26-2417908,1,8,YOUNG AMERICANS FOR LIBERTY
236,26-2417908,2,13,YOUNG AMERICANS FOR LIBERTY
237,26-2417908,3,4,YOUNG AMERICANS FOR LIBERTY
238,26-2417908,4,5,YOUNG AMERICANS FOR LIBERTY
239,26-2417908,5,4,YOUNG AMERICANS FOR LIBERTY
240,26-2417908,6,1,YOUNG AMERICANS FOR LIBERTY
241,26-2417908,7,2,YOUNG AMERICANS FOR LIBERTY
242,26-2417908,8,1,YOUNG AMERICANS FOR LIBERTY
243,36-0725160,0,4,AMERICAN FARM BUREAU FEDERATION
244,36-0725160,1,24,AMERICAN FARM BUREAU FEDERATION
245,36-0725160,2,4,AMERICAN FARM BUREAU FEDERATION
246,36-0725160,3,0,AMERICAN FARM BUREAU FEDERATION
247,36-0725160,4,5,AMERICAN FARM BUREAU FEDERATION
248,36-0725160,5,4,AMERICAN FARM BUREAU FEDERATION
249,36-0725160,6,1,AMERICAN FARM BUREAU FEDERATION
250,36-0725160,7,2,AMERICAN FARM BUREAU FEDERATION
251,36-0725160,8,1,AMERICAN FARM BUREAU FEDERATION
252,52-1400492,0,68,AMERICANS FOR TAX REFORM FOUNDATION
253,52-1400492,1,7,AMERICANS FOR TAX REFORM FOUNDATION
254,52-1400492,2,5,AMERICANS FOR TAX REFORM FOUNDATION
255,52-1400492,3,7,AMERICANS FOR TAX REFORM FOUNDATION
256,52-1400492,4,5,AMERICANS FOR TAX REFORM FOUNDATION
257,52-1400492,5,4,AMERICANS FOR TAX REFORM FOUNDATION
258,52-1400492,6,1,AMERICANS FOR TAX REFORM FOUNDATION
259,52-1400492,7,2,AMERICANS FOR TAX REFORM FOUNDATION
260,52-1400492,8,1,AMERICANS FOR TAX REFORM FOUNDATION
261,94-3170425,0,17,FOUNDATION FOR RESEARCH ON ECONOMICS AND THE ENVIRONMENT
262,94-3170425,1,1,FOUNDATION FOR RESEARCH ON ECONOMICS AND THE ENVIRONMENT
263,94-3170425,2,12,FOUNDATION FOR RESEARCH ON ECONOMICS AND THE ENVIRONMENT
264,94-3170425,3,4,FOUNDATION FOR RESEARCH ON ECONOMICS AND THE ENVIRONMENT
265,94-3170425,4,5,FOUNDATION FOR RESEARCH ON ECONOMICS AND THE ENVIRONMENT
266,94-3170425,5,4,FOUNDATION FOR RESEARCH ON ECONOMICS AND THE ENVIRONMENT
267,94-3170425,6,1,FOUNDATION FOR RESEARCH ON ECONOMICS AND THE ENVIRONMENT
268,94-3170425,7,2,FOUNDATION FOR RESEARCH ON ECONOMICS AND THE ENVIRONMENT
269,94-3170425,8,1,FOUNDATION FOR RESEARCH ON ECONOMICS AND THE ENVIRONMENT
270,52-1645354,0,146,AMERICAN POLICY CENTER
271,52-1645354,1,23,AMERICAN POLICY CENTER
272,52-1645354,2,11,AMERICAN POLICY CENTER
273,52-1645354,3,7,AMERICAN POLICY CENTER
274,52-1645354,4,5,AMERICAN POLICY CENTER
275,52-1645354,5,4,AMERICAN POLICY CENTER
276,52-1645354,6,1,AMERICAN POLICY CENTER
277,52-1645354,7,2,AMERICAN POLICY CENTER
278,52-1645354,8,1,AMERICAN POLICY CENTER
279,74-2543375,0,74,FUTURE OF FREEDOM FOUNDATION
280,74-2543375,1,13,FUTURE OF FREEDOM FOUNDATION
281,74-2543375,2,1,FUTURE OF FREEDOM FOUNDATION
282,74-2543375,3,4,FUTURE OF FREEDOM FOUNDATION
283,74-2543375,4,5,FUTURE OF FREEDOM FOUNDATION
284,74-2543375,5,4,FUTURE OF FREEDOM FOUNDATION
285,74-2543375,6,1,FUTURE OF FREEDOM FOUNDATION
286,74-2543375,7,2,FUTURE OF FREEDOM FOUNDATION
287,74-2543375,8,1,FUTURE OF FREEDOM FOUNDATION
288,94-6080099,0,11,JAQUELIN HUME FOUNDATION
289,94-6080099,1,5,JAQUELIN HUME FOUNDATION
290,94-6080099,2,2,JAQUELIN HUME FOUNDATION
291,94-6080099,3,5,JAQUELIN HUME FOUNDATION
292,94-6080099,4,5,JAQUELIN HUME FOUNDATION
293,94-6080099,5,4,JAQUELIN HUME FOUNDATION
294,94-6080099,6,1,JAQUELIN HUME FOUNDATION
295,94-6080099,7,2,JAQUELIN HUME FOUNDATION
296,94-6080099,8,1,JAQUELIN HUME FOUNDATION
297,52-1071570,0,92,WASHINGTON LEGAL FOUNDATION
298,52-1071570,1,22,WASHINGTON LEGAL FOUNDATION
299,52-1071570,2,11,WASHINGTON LEGAL FOUNDATION
300,52-1071570,3,7,WASHINGTON LEGAL FOUNDATION
301,52-1071570,4,5,WASHINGTON LEGAL FOUNDATION
302,52-1071570,5,4,WASHINGTON LEGAL FOUNDATION
303,52-1071570,6,1,WASHINGTON LEGAL FOUNDATION
304,52-1071570,7,2,WASHINGTON LEGAL FOUNDATION
305,52-1071570,8,1,WASHINGTON LEGAL FOUNDATION
306,94-3264446,0,111,TULLY AND ELISE FRIEDMAN FUND
307,94-3264446,1,21,TULLY AND ELISE FRIEDMAN FUND
308,94-3264446,2,12,TULLY AND ELISE FRIEDMAN FUND
309,94-3264446,3,4,TULLY AND ELISE FRIEDMAN FUND
310,94-3264446,4,5,TULLY AND ELISE FRIEDMAN FUND
311,94-3264446,5,4,TULLY AND ELISE FRIEDMAN FUND
312,94-3264446,6,1,TULLY AND ELISE FRIEDMAN FUND
313,94-3264446,7,2,TULLY AND ELISE FRIEDMAN FUND
314,94-3264446,8,1,TULLY AND ELISE FRIEDMAN FUND
315,11-2741490,0,102,NATIONAL ASSOCIATION OF SCHOLARS
316,11-2741490,1,15,NATIONAL ASSOCIATION OF SCHOLARS
317,11-2741490,2,12,NATIONAL ASSOCIATION OF SCHOLARS
318,11-2741490,3,4,NATIONAL ASSOCIATION OF SCHOLARS
319,11-2741490,4,5,NATIONAL ASSOCIATION OF SCHOLARS
320,11-2741490,5,4,NATIONAL ASSOCIATION OF SCHOLARS
321,11-2741490,6,1,NATIONAL ASSOCIATION OF SCHOLARS
322,11-2741490,7,2,NATIONAL ASSOCIATION OF SCHOLARS
323,11-2741490,8,1,NATIONAL ASSOCIATION OF SCHOLARS
324,13-1945157,0,44,HUDSON INSTITUTE
325,13-1945157,1,13,HUDSON INSTITUTE
326,13-1945157,2,1,HUDSON INSTITUTE
327,13-1945157,3,4,HUDSON INSTITUTE
328,13-1945157,4,5,HUDSON INSTITUTE
329,13-1945157,5,4,HUDSON INSTITUTE
330,13-1945157,6,1,HUDSON INSTITUTE
331,13-1945157,7,2,HUDSON INSTITUTE
332,13-1945157,8,1,HUDSON INSTITUTE
333,74-2622129,0,0,"COVENANT FOUNDATION, INC."
334,74-2622129,1,19,"COVENANT FOUNDATION, INC."
335,74-2622129,2,13,"COVENANT FOUNDATION, INC."
336,74-2622129,3,4,"COVENANT FOUNDATION, INC."
337,74-2622129,4,5,"COVENANT FOUNDATION, INC."
338,74-2622129,5,4,"COVENANT FOUNDATION, INC."
339,74-2622129,6,1,"COVENANT FOUNDATION, INC."
340,74-2622129,7,2,"COVENANT FOUNDATION, INC."
341,74-2622129,8,1,"COVENANT FOUNDATION, INC."
342,73-0667344,0,29,PETROLEUM ALLIANCE OF OKLAHOMA THE
343,73-0667344,1,12,PETROLEUM ALLIANCE OF OKLAHOMA THE
344,73-0667344,2,13,PETROLEUM ALLIANCE OF OKLAHOMA THE
345,73-0667344,3,4,PETROLEUM ALLIANCE OF OKLAHOMA THE
346,73-0667344,4,5,PETROLEUM ALLIANCE OF OKLAHOMA THE
347,73-0667344,5,4,PETROLEUM ALLIANCE OF OKLAHOMA THE
348,73-0667344,6,1,PETROLEUM ALLIANCE OF OKLAHOMA THE
349,73-0667344,7,2,PETROLEUM ALLIANCE OF OKLAHOMA THE
350,73-0667344,8,1,PETROLEUM ALLIANCE OF OKLAHOMA THE
351,76-0149778,0,63,INSTITUTE FOR ENERGY RESEARCH
352,76-0149778,1,17,INSTITUTE FOR ENERGY RESEARCH
353,76-0149778,2,5,INSTITUTE FOR ENERGY RESEARCH
354,76-0149778,3,7,INSTITUTE FOR ENERGY RESEARCH
355,76-0149778,4,5,INSTITUTE FOR ENERGY RESEARCH
356,76-0149778,5,4,INSTITUTE FOR ENERGY RESEARCH
357,76-0149778,6,1,INSTITUTE FOR ENERGY RESEARCH
358,76-0149778,7,2,INSTITUTE FOR ENERGY RESEARCH
359,76-0149778,8,1,INSTITUTE FOR ENERGY RESEARCH
360,22-3092292,0,17,ETHAN ALLEN INSTITUTE
361,22-3092292,1,1,ETHAN ALLEN INSTITUTE
362,22-3092292,2,12,ETHAN ALLEN INSTITUTE
363,22-3092292,3,4,ETHAN ALLEN INSTITUTE
364,22-3092292,4,5,ETHAN ALLEN INSTITUTE
365,22-3092292,5,4,ETHAN ALLEN INSTITUTE
366,22-3092292,6,1,ETHAN ALLEN INSTITUTE
367,22-3092292,7,2,ETHAN ALLEN INSTITUTE
368,22-3092292,8,1,ETHAN ALLEN INSTITUTE
369,27-4967732,0,71,CHARLES KOCH INSTITUTE
370,27-4967732,1,24,CHARLES KOCH INSTITUTE
371,27-4967732,2,4,CHARLES KOCH INSTITUTE
372,27-4967732,3,0,CHARLES KOCH INSTITUTE
373,27-4967732,4,5,CHARLES KOCH INSTITUTE
374,27-4967732,5,4,CHARLES KOCH INSTITUTE
375,27-4967732,6,1,CHARLES KOCH INSTITUTE
376,27-4967732,7,2,CHARLES KOCH INSTITUTE
377,27-4967732,8,1,CHARLES KOCH INSTITUTE
378,73-1436375,0,89,OKLAHOMA COUNCIL OF PUBLIC AFFAIRS
379,73-1436375,1,5,OKLAHOMA COUNCIL OF PUBLIC AFFAIRS
380,73-1436375,2,2,OKLAHOMA COUNCIL OF PUBLIC AFFAIRS
381,73-1436375,3,5,OKLAHOMA COUNCIL OF PUBLIC AFFAIRS
382,73-1436375,4,5,OKLAHOMA COUNCIL OF PUBLIC AFFAIRS
383,73-1436375,5,4,OKLAHOMA COUNCIL OF PUBLIC AFFAIRS
384,73-1436375,6,1,OKLAHOMA COUNCIL OF PUBLIC AFFAIRS
385,73-1436375,7,2,OKLAHOMA COUNCIL OF PUBLIC AFFAIRS
386,73-1436375,8,1,OKLAHOMA COUNCIL OF PUBLIC AFFAIRS
387,75-2158093,0,146,INSTITUTE FOR POLICY INNOVATION
388,75-2158093,1,23,INSTITUTE FOR POLICY INNOVATION
389,75-2158093,2,11,INSTITUTE FOR POLICY INNOVATION
390,75-2158093,3,7,INSTITUTE FOR POLICY INNOVATION
391,75-2158093,4,5,INSTITUTE FOR POLICY INNOVATION
392,75-2158093,5,4,INSTITUTE FOR POLICY INNOVATION
393,75-2158093,6,1,INSTITUTE FOR POLICY INNOVATION
394,75-2158093,7,2,INSTITUTE FOR POLICY INNOVATION
395,75-2158093,8,1,INSTITUTE FOR POLICY INNOVATION
396,26-2731617,0,124,AMERICAN ENERGY ALLIANCE
397,26-2731617,1,22,AMERICAN ENERGY ALLIANCE
398,26-2731617,2,11,AMERICAN ENERGY ALLIANCE
399,26-2731617,3,7,AMERICAN ENERGY ALLIANCE
400,26-2731617,4,5,AMERICAN ENERGY ALLIANCE
401,26-2731617,5,4,AMERICAN ENERGY ALLIANCE
402,26-2731617,6,1,AMERICAN ENERGY ALLIANCE
403,26-2731617,7,2,AMERICAN ENERGY ALLIANCE
404,26-2731617,8,1,AMERICAN ENERGY ALLIANCE
405,85-0267696,0,74,INDEPENDENT PETROLEUM ASSOCIATION OF NEW MEXICO
406,85-0267696,1,13,INDEPENDENT PETROLEUM ASSOCIATION OF NEW MEXICO
407,85-0267696,2,1,INDEPENDENT PETROLEUM ASSOCIATION OF NEW MEXICO
408,85-0267696,3,4,INDEPENDENT PETROLEUM ASSOCIATION OF NEW MEXICO
409,85-0267696,4,5,INDEPENDENT PETROLEUM ASSOCIATION OF NEW MEXICO
410,85-0267696,5,4,INDEPENDENT PETROLEUM ASSOCIATION OF NEW MEXICO
411,85-0267696,6,1,INDEPENDENT PETROLEUM ASSOCIATION OF NEW MEXICO
412,85-0267696,7,2,INDEPENDENT PETROLEUM ASSOCIATION OF NEW MEXICO
413,85-0267696,8,1,INDEPENDENT PETROLEUM ASSOCIATION OF NEW MEXICO
414,52-2166327,0,137,DONORS TRUST
415,52-2166327,1,24,DONORS TRUST
416,52-2166327,2,4,DONORS TRUST
417,52-2166327,3,0,DONORS TRUST
418,52-2166327,4,5,DONORS TRUST
419,52-2166327,5,4,DONORS TRUST
420,52-2166327,6,1,DONORS TRUST
421,52-2166327,7,2,DONORS TRUST
422,52-2166327,8,1,DONORS TRUST
423,59-2811908,0,120,JAMES MADISON INSTITUTE
424,59-2811908,1,4,JAMES MADISON INSTITUTE
425,59-2811908,2,11,JAMES MADISON INSTITUTE
426,59-2811908,3,7,JAMES MADISON INSTITUTE
427,59-2811908,4,5,JAMES MADISON INSTITUTE
428,59-2811908,5,4,JAMES MADISON INSTITUTE
429,59-2811908,6,1,JAMES MADISON INSTITUTE
430,59-2811908,7,2,JAMES MADISON INSTITUTE
431,59-2811908,8,1,JAMES MADISON INSTITUTE
432,86-0902777,0,71,CENTER FOR THE STUDY OF CARBON DIOXIDE AND GLOBAL CHANGE
433,86-0902777,1,24,CENTER FOR THE STUDY OF CARBON DIOXIDE AND GLOBAL CHANGE
434,86-0902777,2,4,CENTER FOR THE STUDY OF CARBON DIOXIDE AND GLOBAL CHANGE
435,86-0902777,3,0,CENTER FOR THE STUDY OF CARBON DIOXIDE AND GLOBAL CHANGE
436,86-0902777,4,5,CENTER FOR THE STUDY OF CARBON DIOXIDE AND GLOBAL CHANGE
437,86-0902777,5,4,CENTER FOR THE STUDY OF CARBON DIOXIDE AND GLOBAL CHANGE
438,86-0902777,6,1,CENTER FOR THE STUDY OF CARBON DIOXIDE AND GLOBAL CHANGE
439,86-0902777,7,2,CENTER FOR THE STUDY OF CARBON DIOXIDE AND GLOBAL CHANGE
440,86-0902777,8,1,CENTER FOR THE STUDY OF CARBON DIOXIDE AND GLOBAL CHANGE
441,54-1773197,0,0,FRONTIERS OF FREEDOM INSTITUTE AND FOUNDATION
442,54-1773197,1,19,FRONTIERS OF FREEDOM INSTITUTE AND FOUNDATION
443,54-1773197,2,13,FRONTIERS OF FREEDOM INSTITUTE AND FOUNDATION
444,54-1773197,3,4,FRONTIERS OF FREEDOM INSTITUTE AND FOUNDATION
445,54-1773197,4,5,FRONTIERS OF FREEDOM INSTITUTE AND FOUNDATION
446,54-1773197,5,4,FRONTIERS OF FREEDOM INSTITUTE AND FOUNDATION
447,54-1773197,6,1,FRONTIERS OF FREEDOM INSTITUTE AND FOUNDATION
448,54-1773197,7,2,FRONTIERS OF FREEDOM INSTITUTE AND FOUNDATION
449,54-1773197,8,1,FRONTIERS OF FREEDOM INSTITUTE AND FOUNDATION
450,36-7244615,0,147,SEARLE FREEDOM TRUST
451,36-7244615,1,22,SEARLE FREEDOM TRUST
452,36-7244615,2,11,SEARLE FREEDOM TRUST
453,36-7244615,3,7,SEARLE FREEDOM TRUST
454,36-7244615,4,5,SEARLE FREEDOM TRUST
455,36-7244615,5,4,SEARLE FREEDOM TRUST
456,36-7244615,6,1,SEARLE FREEDOM TRUST
457,36-7244615,7,2,SEARLE FREEDOM TRUST
458,36-7244615,8,1,SEARLE FREEDOM TRUST
459,35-6056960,0,47,PIERRE F. AND ENID GOODRICH FOUNDATION
460,35-6056960,1,13,PIERRE F. AND ENID GOODRICH FOUNDATION
461,35-6056960,2,1,PIERRE F. AND ENID GOODRICH FOUNDATION
462,35-6056960,3,4,PIERRE F. AND ENID GOODRICH FOUNDATION
463,35-6056960,4,5,PIERRE F. AND ENID GOODRICH FOUNDATION
464,35-6056960,5,4,PIERRE F. AND ENID GOODRICH FOUNDATION
465,35-6056960,6,1,PIERRE F. AND ENID GOODRICH FOUNDATION
466,35-6056960,7,2,PIERRE F. AND ENID GOODRICH FOUNDATION
467,35-6056960,8,1,PIERRE F. AND ENID GOODRICH FOUNDATION
468,52-1527294,0,122,AMERICANS FOR PROSPERITY FOUNDATION
469,52-1527294,1,9,AMERICANS FOR PROSPERITY FOUNDATION
470,52-1527294,2,2,AMERICANS FOR PROSPERITY FOUNDATION
471,52-1527294,3,5,AMERICANS FOR PROSPERITY FOUNDATION
472,52-1527294,4,5,AMERICANS FOR PROSPERITY FOUNDATION
473,52-1527294,5,4,AMERICANS FOR PROSPERITY FOUNDATION
474,52-1527294,6,1,AMERICANS FOR PROSPERITY FOUNDATION
475,52-1527294,7,2,AMERICANS FOR PROSPERITY FOUNDATION
476,52-1527294,8,1,AMERICANS FOR PROSPERITY FOUNDATION
477,13-6217788,0,113,"WILLIAM E. SIMON FOUNDATION, INC."
478,13-6217788,1,2,"WILLIAM E. SIMON FOUNDATION, INC."
479,13-6217788,2,13,"WILLIAM E. SIMON FOUNDATION, INC."
480,13-6217788,3,4,"WILLIAM E. SIMON FOUNDATION, INC."
481,13-6217788,4,5,"WILLIAM E. SIMON FOUNDATION, INC."
482,13-6217788,5,4,"WILLIAM E. SIMON FOUNDATION, INC."
483,13-6217788,6,1,"WILLIAM E. SIMON FOUNDATION, INC."
484,13-6217788,7,2,"WILLIAM E. SIMON FOUNDATION, INC."
485,13-6217788,8,1,"WILLIAM E. SIMON FOUNDATION, INC."
486,52-1403587,0,26,AMERICANS FOR TAX REFORM
487,52-1403587,1,12,AMERICANS FOR TAX REFORM
488,52-1403587,2,13,AMERICANS FOR TAX REFORM
489,52-1403587,3,4,AMERICANS FOR TAX REFORM
490,52-1403587,4,5,AMERICANS FOR TAX REFORM
491,52-1403587,5,4,AMERICANS FOR TAX REFORM
492,52-1403587,6,1,AMERICANS FOR TAX REFORM
493,52-1403587,7,2,AMERICANS FOR TAX REFORM
494,52-1403587,8,1,AMERICANS FOR TAX REFORM
495,95-0596680,0,32,WESTERN STATES PETROLEUM ASSOCIATION
496,95-0596680,1,25,WESTERN STATES PETROLEUM ASSOCIATION
497,95-0596680,2,11,WESTERN STATES PETROLEUM ASSOCIATION
498,95-0596680,3,7,WESTERN STATES PETROLEUM ASSOCIATION
499,95-0596680,4,5,WESTERN STATES PETROLEUM ASSOCIATION
500,95-0596680,5,4,WESTERN STATES PETROLEUM ASSOCIATION
501,95-0596680,6,1,WESTERN STATES PETROLEUM ASSOCIATION
502,95-0596680,7,2,WESTERN STATES PETROLEUM ASSOCIATION
503,95-0596680,8,1,WESTERN STATES PETROLEUM ASSOCIATION
504,47-3862135,0,107,THOMAS W SMITH FOUNDATION INC
505,47-3862135,1,24,THOMAS W SMITH FOUNDATION INC
506,47-3862135,2,4,THOMAS W SMITH FOUNDATION INC
507,47-3862135,3,0,THOMAS W SMITH FOUNDATION INC
508,47-3862135,4,5,THOMAS W SMITH FOUNDATION INC
509,47-3862135,5,4,THOMAS W SMITH FOUNDATION INC
510,47-3862135,6,1,THOMAS W SMITH FOUNDATION INC
511,47-3862135,7,2,THOMAS W SMITH FOUNDATION INC
512,47-3862135,8,1,THOMAS W SMITH FOUNDATION INC
513,26-0750621,0,5,KANSAS OIL AND GAS RESOURCES FUND
514,26-0750621,1,24,KANSAS OIL AND GAS RESOURCES FUND
515,26-0750621,2,4,KANSAS OIL AND GAS RESOURCES FUND
516,26-0750621,3,0,KANSAS OIL AND GAS RESOURCES FUND
517,26-0750621,4,5,KANSAS OIL AND GAS RESOURCES FUND
518,26-0750621,5,4,KANSAS OIL AND GAS RESOURCES FUND
519,26-0750621,6,1,KANSAS OIL AND GAS RESOURCES FUND
520,26-0750621,7,2,KANSAS OIL AND GAS RESOURCES FUND
521,26-0750621,8,1,KANSAS OIL AND GAS RESOURCES FUND
522,25-6012303,0,113,ALLEGHENY FOUNDATION
523,25-6012303,1,2,ALLEGHENY FOUNDATION
524,25-6012303,2,13,ALLEGHENY FOUNDATION
525,25-6012303,3,4,ALLEGHENY FOUNDATION
526,25-6012303,4,5,ALLEGHENY FOUNDATION
527,25-6012303,5,4,ALLEGHENY FOUNDATION
528,25-6012303,6,1,ALLEGHENY FOUNDATION
529,25-6012303,7,2,ALLEGHENY FOUNDATION
530,25-6012303,8,1,ALLEGHENY FOUNDATION
531,26-2639114,0,120,MACIVER INSTITUTE FOR PUBLIC POLICY
532,26-2639114,1,4,MACIVER INSTITUTE FOR PUBLIC POLICY
533,26-2639114,2,11,MACIVER INSTITUTE FOR PUBLIC POLICY
534,26-2639114,3,7,MACIVER INSTITUTE FOR PUBLIC POLICY
535,26-2639114,4,5,MACIVER INSTITUTE FOR PUBLIC POLICY
536,26-2639114,5,4,MACIVER INSTITUTE FOR PUBLIC POLICY
537,26-2639114,6,1,MACIVER INSTITUTE FOR PUBLIC POLICY
538,26-2639114,7,2,MACIVER INSTITUTE FOR PUBLIC POLICY
539,26-2639114,8,1,MACIVER INSTITUTE FOR PUBLIC POLICY
540,45-0702828,0,109,TAXPAYERS PROTECTION ALLIANCE
541,45-0702828,1,25,TAXPAYERS PROTECTION ALLIANCE
542,45-0702828,2,11,TAXPAYERS PROTECTION ALLIANCE
543,45-0702828,3,7,TAXPAYERS PROTECTION ALLIANCE
544,45-0702828,4,5,TAXPAYERS PROTECTION ALLIANCE
545,45-0702828,5,4,TAXPAYERS PROTECTION ALLIANCE
546,45-0702828,6,1,TAXPAYERS PROTECTION ALLIANCE
547,45-0702828,7,2,TAXPAYERS PROTECTION ALLIANCE
548,45-0702828,8,1,TAXPAYERS PROTECTION ALLIANCE
549,47-5598652,0,148,FREE THE PEOPLE
550,47-5598652,1,8,FREE THE PEOPLE
551,47-5598652,2,13,FREE THE PEOPLE
552,47-5598652,3,4,FREE THE PEOPLE
553,47-5598652,4,5,FREE THE PEOPLE
554,47-5598652,5,4,FREE THE PEOPLE
555,47-5598652,6,1,FREE THE PEOPLE
556,47-5598652,7,2,FREE THE PEOPLE
557,47-5598652,8,1,FREE THE PEOPLE
558,23-7002632,0,131,AMERICAN SPECTATOR FOUNDATION
559,23-7002632,1,19,AMERICAN SPECTATOR FOUNDATION
560,23-7002632,2,13,AMERICAN SPECTATOR FOUNDATION
561,23-7002632,3,4,AMERICAN SPECTATOR FOUNDATION
562,23-7002632,4,5,AMERICAN SPECTATOR FOUNDATION
563,23-7002632,5,4,AMERICAN SPECTATOR FOUNDATION
564,23-7002632,6,1,AMERICAN SPECTATOR FOUNDATION
565,23-7002632,7,2,AMERICAN SPECTATOR FOUNDATION
566,23-7002632,8,1,AMERICAN SPECTATOR FOUNDATION
567,26-3241764,0,122,LAURA AND JOHN ARNOLD FOUNDATION
568,26-3241764,1,9,LAURA AND JOHN ARNOLD FOUNDATION
569,26-3241764,2,2,LAURA AND JOHN ARNOLD FOUNDATION
570,26-3241764,3,5,LAURA AND JOHN ARNOLD FOUNDATION
571,26-3241764,4,5,LAURA AND JOHN ARNOLD FOUNDATION
572,26-3241764,5,4,LAURA AND JOHN ARNOLD FOUNDATION
573,26-3241764,6,1,LAURA AND JOHN ARNOLD FOUNDATION
574,26-3241764,7,2,LAURA AND JOHN ARNOLD FOUNDATION
575,26-3241764,8,1,LAURA AND JOHN ARNOLD FOUNDATION
576,20-1957878,0,71,SHOW-ME INSTITUTE
577,20-1957878,1,24,SHOW-ME INSTITUTE
578,20-1957878,2,4,SHOW-ME INSTITUTE
579,20-1957878,3,0,SHOW-ME INSTITUTE
580,20-1957878,4,5,SHOW-ME INSTITUTE
581,20-1957878,5,4,SHOW-ME INSTITUTE
582,20-1957878,6,1,SHOW-ME INSTITUTE
583,20-1957878,7,2,SHOW-ME INSTITUTE
584,20-1957878,8,1,SHOW-ME INSTITUTE
585,26-3477125,0,67,R STREET INSTITUTE
586,26-3477125,1,21,R STREET INSTITUTE
587,26-3477125,2,12,R STREET INSTITUTE
588,26-3477125,3,4,R STREET INSTITUTE
589,26-3477125,4,5,R STREET INSTITUTE
590,26-3477125,5,4,R STREET INSTITUTE
591,26-3477125,6,1,R STREET INSTITUTE
592,26-3477125,7,2,R STREET INSTITUTE
593,26-3477125,8,1,R STREET INSTITUTE
594,52-1885088,0,3,JUDICIAL WATCH
595,52-1885088,1,23,JUDICIAL WATCH
596,52-1885088,2,11,JUDICIAL WATCH
597,52-1885088,3,7,JUDICIAL WATCH
598,52-1885088,4,5,JUDICIAL WATCH
599,52-1885088,5,4,JUDICIAL WATCH
600,52-1885088,6,1,JUDICIAL WATCH
601,52-1885088,7,2,JUDICIAL WATCH
602,52-1885088,8,1,JUDICIAL WATCH
603,57-0952531,0,102,STATE POLICY NETWORK
604,57-0952531,1,15,STATE POLICY NETWORK
605,57-0952531,2,12,STATE POLICY NETWORK
606,57-0952531,3,4,STATE POLICY NETWORK
607,57-0952531,4,5,STATE POLICY NETWORK
608,57-0952531,5,4,STATE POLICY NETWORK
609,57-0952531,6,1,STATE POLICY NETWORK
610,57-0952531,7,2,STATE POLICY NETWORK
611,57-0952531,8,1,STATE POLICY NETWORK
612,55-0307050,0,114,WEST VIRGINIA COAL ASSOCIATION
613,55-0307050,1,13,WEST VIRGINIA COAL ASSOCIATION
614,55-0307050,2,1,WEST VIRGINIA COAL ASSOCIATION
615,55-0307050,3,4,WEST VIRGINIA COAL ASSOCIATION
616,55-0307050,4,5,WEST VIRGINIA COAL ASSOCIATION
617,55-0307050,5,4,WEST VIRGINIA COAL ASSOCIATION
618,55-0307050,6,1,WEST VIRGINIA COAL ASSOCIATION
619,55-0307050,7,2,WEST VIRGINIA COAL ASSOCIATION
620,55-0307050,8,1,WEST VIRGINIA COAL ASSOCIATION
621,26-6265950,0,5,BEACON HILL INSTITUTE FOR PUBLIC POLICY RESEARCH
622,26-6265950,1,24,BEACON HILL INSTITUTE FOR PUBLIC POLICY RESEARCH
623,26-6265950,2,4,BEACON HILL INSTITUTE FOR PUBLIC POLICY RESEARCH
624,26-6265950,3,0,BEACON HILL INSTITUTE FOR PUBLIC POLICY RESEARCH
625,26-6265950,4,5,BEACON HILL INSTITUTE FOR PUBLIC POLICY RESEARCH
626,26-6265950,5,4,BEACON HILL INSTITUTE FOR PUBLIC POLICY RESEARCH
627,26-6265950,6,1,BEACON HILL INSTITUTE FOR PUBLIC POLICY RESEARCH
628,26-6265950,7,2,BEACON HILL INSTITUTE FOR PUBLIC POLICY RESEARCH
629,26-6265950,8,1,BEACON HILL INSTITUTE FOR PUBLIC POLICY RESEARCH
630,47-3722575,0,11,CO2 COALITION
631,47-3722575,1,5,CO2 COALITION
632,47-3722575,2,2,CO2 COALITION
633,47-3722575,3,5,CO2 COALITION
634,47-3722575,4,5,CO2 COALITION
635,47-3722575,5,4,CO2 COALITION
636,47-3722575,6,1,CO2 COALITION
637,47-3722575,7,2,CO2 COALITION
638,47-3722575,8,1,CO2 COALITION
639,13-0659550,0,125,EDISON ELECTRIC INSTITUTE
640,13-0659550,1,25,EDISON ELECTRIC INSTITUTE
641,13-0659550,2,11,EDISON ELECTRIC INSTITUTE
642,13-0659550,3,7,EDISON ELECTRIC INSTITUTE
643,13-0659550,4,5,EDISON ELECTRIC INSTITUTE
644,13-0659550,5,4,EDISON ELECTRIC INSTITUTE
645,13-0659550,6,1,EDISON ELECTRIC INSTITUTE
646,13-0659550,7,2,EDISON ELECTRIC INSTITUTE
647,13-0659550,8,1,EDISON ELECTRIC INSTITUTE
648,52-1122683,0,3,NATIONAL TAXPAYERS UNION FOUNDATION
649,52-1122683,1,23,NATIONAL TAXPAYERS UNION FOUNDATION
650,52-1122683,2,11,NATIONAL TAXPAYERS UNION FOUNDATION
651,52-1122683,3,7,NATIONAL TAXPAYERS UNION FOUNDATION
652,52-1122683,4,5,NATIONAL TAXPAYERS UNION FOUNDATION
653,52-1122683,5,4,NATIONAL TAXPAYERS UNION FOUNDATION
654,52-1122683,6,1,NATIONAL TAXPAYERS UNION FOUNDATION
655,52-1122683,7,2,NATIONAL TAXPAYERS UNION FOUNDATION
656,52-1122683,8,1,NATIONAL TAXPAYERS UNION FOUNDATION
657,31-4363514,0,4,OHIO OIL & GAS ASSOCIATION
658,31-4363514,1,24,OHIO OIL & GAS ASSOCIATION
659,31-4363514,2,4,OHIO OIL & GAS ASSOCIATION
660,31-4363514,3,0,OHIO OIL & GAS ASSOCIATION
661,31-4363514,4,5,OHIO OIL & GAS ASSOCIATION
662,31-4363514,5,4,OHIO OIL & GAS ASSOCIATION
663,31-4363514,6,1,OHIO OIL & GAS ASSOCIATION
664,31-4363514,7,2,OHIO OIL & GAS ASSOCIATION
665,31-4363514,8,1,OHIO OIL & GAS ASSOCIATION
666,56-1656943,0,3,JOHN LOCKE FOUNDATION
667,56-1656943,1,23,JOHN LOCKE FOUNDATION
668,56-1656943,2,11,JOHN LOCKE FOUNDATION
669,56-1656943,3,7,JOHN LOCKE FOUNDATION
670,56-1656943,4,5,JOHN LOCKE FOUNDATION
671,56-1656943,5,4,JOHN LOCKE FOUNDATION
672,56-1656943,6,1,JOHN LOCKE FOUNDATION
673,56-1656943,7,2,JOHN LOCKE FOUNDATION
674,56-1656943,8,1,JOHN LOCKE FOUNDATION
675,45-3503672,0,125,YOUNG AMERICANS FOR LIBERTY FOUNDATION
676,45-3503672,1,25,YOUNG AMERICANS FOR LIBERTY FOUNDATION
677,45-3503672,2,11,YOUNG AMERICANS FOR LIBERTY FOUNDATION
678,45-3503672,3,7,YOUNG AMERICANS FOR LIBERTY FOUNDATION
679,45-3503672,4,5,YOUNG AMERICANS FOR LIBERTY FOUNDATION
680,45-3503672,5,4,YOUNG AMERICANS FOR LIBERTY FOUNDATION
681,45-3503672,6,1,YOUNG AMERICANS FOR LIBERTY FOUNDATION
682,45-3503672,7,2,YOUNG AMERICANS FOR LIBERTY FOUNDATION
683,45-3503672,8,1,YOUNG AMERICANS FOR LIBERTY FOUNDATION
684,54-2009193,0,68,CENTER FOR FREEDOM AND PROSPERITY FOUNDATION
685,54-2009193,1,7,CENTER FOR FREEDOM AND PROSPERITY FOUNDATION
686,54-2009193,2,5,CENTER FOR FREEDOM AND PROSPERITY FOUNDATION
687,54-2009193,3,7,CENTER FOR FREEDOM AND PROSPERITY FOUNDATION
688,54-2009193,4,5,CENTER FOR FREEDOM AND PROSPERITY FOUNDATION
689,54-2009193,5,4,CENTER FOR FREEDOM AND PROSPERITY FOUNDATION
690,54-2009193,6,1,CENTER FOR FREEDOM AND PROSPERITY FOUNDATION
691,54-2009193,7,2,CENTER FOR FREEDOM AND PROSPERITY FOUNDATION
692,54-2009193,8,1,CENTER FOR FREEDOM AND PROSPERITY FOUNDATION
693,52-1226614,0,86,NATIONAL CENTER FOR PUBLIC POLICY RESEARCH
694,52-1226614,1,3,NATIONAL CENTER FOR PUBLIC POLICY RESEARCH
695,52-1226614,2,2,NATIONAL CENTER FOR PUBLIC POLICY RESEARCH
696,52-1226614,3,5,NATIONAL CENTER FOR PUBLIC POLICY RESEARCH
697,52-1226614,4,5,NATIONAL CENTER FOR PUBLIC POLICY RESEARCH
698,52-1226614,5,4,NATIONAL CENTER FOR PUBLIC POLICY RESEARCH
699,52-1226614,6,1,NATIONAL CENTER FOR PUBLIC POLICY RESEARCH
700,52-1226614,7,2,NATIONAL CENTER FOR PUBLIC POLICY RESEARCH
701,52-1226614,8,1,NATIONAL CENTER FOR PUBLIC POLICY RESEARCH
702,74-2524057,0,125,TEXAS PUBLIC POLICY FOUNDATION
703,74-2524057,1,25,TEXAS PUBLIC POLICY FOUNDATION
704,74-2524057,2,11,TEXAS PUBLIC POLICY FOUNDATION
705,74-2524057,3,7,TEXAS PUBLIC POLICY FOUNDATION
706,74-2524057,4,5,TEXAS PUBLIC POLICY FOUNDATION
707,74-2524057,5,4,TEXAS PUBLIC POLICY FOUNDATION
708,74-2524057,6,1,TEXAS PUBLIC POLICY FOUNDATION
709,74-2524057,7,2,TEXAS PUBLIC POLICY FOUNDATION
710,74-2524057,8,1,TEXAS PUBLIC POLICY FOUNDATION
711,22-3235650,0,89,JOSIAH BARTLETT CENTER FOR PUBLIC POLICY
712,22-3235650,1,5,JOSIAH BARTLETT CENTER FOR PUBLIC POLICY
713,22-3235650,2,2,JOSIAH BARTLETT CENTER FOR PUBLIC POLICY
714,22-3235650,3,5,JOSIAH BARTLETT CENTER FOR PUBLIC POLICY
715,22-3235650,4,5,JOSIAH BARTLETT CENTER FOR PUBLIC POLICY
716,22-3235650,5,4,JOSIAH BARTLETT CENTER FOR PUBLIC POLICY
717,22-3235650,6,1,JOSIAH BARTLETT CENTER FOR PUBLIC POLICY
718,22-3235650,7,2,JOSIAH BARTLETT CENTER FOR PUBLIC POLICY
719,22-3235650,8,1,JOSIAH BARTLETT CENTER FOR PUBLIC POLICY
720,20-1982204,0,122,MERCER FAMILY FOUNDATION
721,20-1982204,1,9,MERCER FAMILY FOUNDATION
722,20-1982204,2,2,MERCER FAMILY FOUNDATION
723,20-1982204,3,5,MERCER FAMILY FOUNDATION
724,20-1982204,4,5,MERCER FAMILY FOUNDATION
725,20-1982204,5,4,MERCER FAMILY FOUNDATION
726,20-1982204,6,1,MERCER FAMILY FOUNDATION
727,20-1982204,7,2,MERCER FAMILY FOUNDATION
728,20-1982204,8,1,MERCER FAMILY FOUNDATION
729,52-1455677,0,59,FREE TO CHOOSE NETWORK
730,52-1455677,1,23,FREE TO CHOOSE NETWORK
731,52-1455677,2,11,FREE TO CHOOSE NETWORK
732,52-1455677,3,7,FREE TO CHOOSE NETWORK
733,52-1455677,4,5,FREE TO CHOOSE NETWORK
734,52-1455677,5,4,FREE TO CHOOSE NETWORK
735,52-1455677,6,1,FREE TO CHOOSE NETWORK
736,52-1455677,7,2,FREE TO CHOOSE NETWORK
737,52-1455677,8,1,FREE TO CHOOSE NETWORK
738,57-0835744,0,122,SOUTH CAROLINA POLICY COUNCIL
739,57-0835744,1,9,SOUTH CAROLINA POLICY COUNCIL
740,57-0835744,2,2,SOUTH CAROLINA POLICY COUNCIL
741,57-0835744,3,5,SOUTH CAROLINA POLICY COUNCIL
742,57-0835744,4,5,SOUTH CAROLINA POLICY COUNCIL
743,57-0835744,5,4,SOUTH CAROLINA POLICY COUNCIL
744,57-0835744,6,1,SOUTH CAROLINA POLICY COUNCIL
745,57-0835744,7,2,SOUTH CAROLINA POLICY COUNCIL
746,57-0835744,8,1,SOUTH CAROLINA POLICY COUNCIL
747,53-0115970,0,29,AMERICAN FUEL AND PETROCHEMICAL MANUFACTURERS
748,53-0115970,1,12,AMERICAN FUEL AND PETROCHEMICAL MANUFACTURERS
749,53-0115970,2,13,AMERICAN FUEL AND PETROCHEMICAL MANUFACTURERS
750,53-0115970,3,4,AMERICAN FUEL AND PETROCHEMICAL MANUFACTURERS
751,53-0115970,4,5,AMERICAN FUEL AND PETROCHEMICAL MANUFACTURERS
752,53-0115970,5,4,AMERICAN FUEL AND PETROCHEMICAL MANUFACTURERS
753,53-0115970,6,1,AMERICAN FUEL AND PETROCHEMICAL MANUFACTURERS
754,53-0115970,7,2,AMERICAN FUEL AND PETROCHEMICAL MANUFACTURERS
755,53-0115970,8,1,AMERICAN FUEL AND PETROCHEMICAL MANUFACTURERS
756,27-2277658,0,111,STUDENT FREE PRESS ASSOCIATION
757,27-2277658,1,21,STUDENT FREE PRESS ASSOCIATION
758,27-2277658,2,12,STUDENT FREE PRESS ASSOCIATION
759,27-2277658,3,4,STUDENT FREE PRESS ASSOCIATION
760,27-2277658,4,5,STUDENT FREE PRESS ASSOCIATION
761,27-2277658,5,4,STUDENT FREE PRESS ASSOCIATION
762,27-2277658,6,1,STUDENT FREE PRESS ASSOCIATION
763,27-2277658,7,2,STUDENT FREE PRESS ASSOCIATION
764,27-2277658,8,1,STUDENT FREE PRESS ASSOCIATION
765,54-1672138,0,32,CLARE BOOTHE LUCE POLICY INSTITUTE
766,54-1672138,1,25,CLARE BOOTHE LUCE POLICY INSTITUTE
767,54-1672138,2,11,CLARE BOOTHE LUCE POLICY INSTITUTE
768,54-1672138,3,7,CLARE BOOTHE LUCE POLICY INSTITUTE
769,54-1672138,4,5,CLARE BOOTHE LUCE POLICY INSTITUTE
770,54-1672138,5,4,CLARE BOOTHE LUCE POLICY INSTITUTE
771,54-1672138,6,1,CLARE BOOTHE LUCE POLICY INSTITUTE
772,54-1672138,7,2,CLARE BOOTHE LUCE POLICY INSTITUTE
773,54-1672138,8,1,CLARE BOOTHE LUCE POLICY INSTITUTE
774,52-1799853,0,11,AMERICA'S POWER
775,52-1799853,1,5,AMERICA'S POWER
776,52-1799853,2,2,AMERICA'S POWER
777,52-1799853,3,5,AMERICA'S POWER
778,52-1799853,4,5,AMERICA'S POWER
779,52-1799853,5,4,AMERICA'S POWER
780,52-1799853,6,1,AMERICA'S POWER
781,52-1799853,7,2,AMERICA'S POWER
782,52-1799853,8,1,AMERICA'S POWER
783,84-0449271,0,29,AMERICAN SHEEP INDUSTRY ASSOCIATION
784,84-0449271,1,12,AMERICAN SHEEP INDUSTRY ASSOCIATION
785,84-0449271,2,13,AMERICAN SHEEP INDUSTRY ASSOCIATION
786,84-0449271,3,4,AMERICAN SHEEP INDUSTRY ASSOCIATION
787,84-0449271,4,5,AMERICAN SHEEP INDUSTRY ASSOCIATION
788,84-0449271,5,4,AMERICAN SHEEP INDUSTRY ASSOCIATION
789,84-0449271,6,1,AMERICAN SHEEP INDUSTRY ASSOCIATION
790,84-0449271,7,2,AMERICAN SHEEP INDUSTRY ASSOCIATION
791,84-0449271,8,1,AMERICAN SHEEP INDUSTRY ASSOCIATION
792,20-4707442,0,131,OKLAHOMA ENERGY EDUCATION FOUNDATION
793,20-4707442,1,19,OKLAHOMA ENERGY EDUCATION FOUNDATION
794,20-4707442,2,13,OKLAHOMA ENERGY EDUCATION FOUNDATION
795,20-4707442,3,4,OKLAHOMA ENERGY EDUCATION FOUNDATION
796,20-4707442,4,5,OKLAHOMA ENERGY EDUCATION FOUNDATION
797,20-4707442,5,4,OKLAHOMA ENERGY EDUCATION FOUNDATION
798,20-4707442,6,1,OKLAHOMA ENERGY EDUCATION FOUNDATION
799,20-4707442,7,2,OKLAHOMA ENERGY EDUCATION FOUNDATION
800,20-4707442,8,1,OKLAHOMA ENERGY EDUCATION FOUNDATION
801,13-6006960,0,89,FOUNDATION FOR ECONOMIC EDUCATION
802,13-6006960,1,5,FOUNDATION FOR ECONOMIC EDUCATION
803,13-6006960,2,2,FOUNDATION FOR ECONOMIC EDUCATION
804,13-6006960,3,5,FOUNDATION FOR ECONOMIC EDUCATION
805,13-6006960,4,5,FOUNDATION FOR ECONOMIC EDUCATION
806,13-6006960,5,4,FOUNDATION FOR ECONOMIC EDUCATION
807,13-6006960,6,1,FOUNDATION FOR ECONOMIC EDUCATION
808,13-6006960,7,2,FOUNDATION FOR ECONOMIC EDUCATION
809,13-6006960,8,1,FOUNDATION FOR ECONOMIC EDUCATION
810,43-1244445,0,148,J. P. HUMPHREYS FOUNDATION
811,43-1244445,1,8,J. P. HUMPHREYS FOUNDATION
812,43-1244445,2,13,J. P. HUMPHREYS FOUNDATION
813,43-1244445,3,4,J. P. HUMPHREYS FOUNDATION
814,43-1244445,4,5,J. P. HUMPHREYS FOUNDATION
815,43-1244445,5,4,J. P. HUMPHREYS FOUNDATION
816,43-1244445,6,1,J. P. HUMPHREYS FOUNDATION
817,43-1244445,7,2,J. P. HUMPHREYS FOUNDATION
818,43-1244445,8,1,J. P. HUMPHREYS FOUNDATION
819,35-2185292,0,124,TRUTH IN ACCOUNTING
820,35-2185292,1,22,TRUTH IN ACCOUNTING
821,35-2185292,2,11,TRUTH IN ACCOUNTING
822,35-2185292,3,7,TRUTH IN ACCOUNTING
823,35-2185292,4,5,TRUTH IN ACCOUNTING
824,35-2185292,5,4,TRUTH IN ACCOUNTING
825,35-2185292,6,1,TRUTH IN ACCOUNTING
826,35-2185292,7,2,TRUTH IN ACCOUNTING
827,35-2185292,8,1,TRUTH IN ACCOUNTING
828,20-8725168,0,63,JUST FACTS FOUNDATION
829,20-8725168,1,17,JUST FACTS FOUNDATION
830,20-8725168,2,5,JUST FACTS FOUNDATION
831,20-8725168,3,7,JUST FACTS FOUNDATION
832,20-8725168,4,5,JUST FACTS FOUNDATION
833,20-8725168,5,4,JUST FACTS FOUNDATION
834,20-8725168,6,1,JUST FACTS FOUNDATION
835,20-8725168,7,2,JUST FACTS FOUNDATION
836,20-8725168,8,1,JUST FACTS FOUNDATION
837,36-3309812,0,59,HEARTLAND INSTITUTE
838,36-3309812,1,23,HEARTLAND INSTITUTE
839,36-3309812,2,11,HEARTLAND INSTITUTE
840,36-3309812,3,7,HEARTLAND INSTITUTE
841,36-3309812,4,5,HEARTLAND INSTITUTE
842,36-3309812,5,4,HEARTLAND INSTITUTE
843,36-3309812,6,1,HEARTLAND INSTITUTE
844,36-3309812,7,2,HEARTLAND INSTITUTE
845,36-3309812,8,1,HEARTLAND INSTITUTE
846,52-0991278,0,63,AMERICAN COUNCIL FOR CAPITAL FORMATION
847,52-0991278,1,17,AMERICAN COUNCIL FOR CAPITAL FORMATION
848,52-0991278,2,5,AMERICAN COUNCIL FOR CAPITAL FORMATION
849,52-0991278,3,7,AMERICAN COUNCIL FOR CAPITAL FORMATION
850,52-0991278,4,5,AMERICAN COUNCIL FOR CAPITAL FORMATION
851,52-0991278,5,4,AMERICAN COUNCIL FOR CAPITAL FORMATION
852,52-0991278,6,1,AMERICAN COUNCIL FOR CAPITAL FORMATION
853,52-0991278,7,2,AMERICAN COUNCIL FOR CAPITAL FORMATION
854,52-0991278,8,1,AMERICAN COUNCIL FOR CAPITAL FORMATION
855,73-0529079,0,6,INTERSTATE NATURAL GAS ASSOCIATION OF AMERICA
856,73-0529079,1,15,INTERSTATE NATURAL GAS ASSOCIATION OF AMERICA
857,73-0529079,2,12,INTERSTATE NATURAL GAS ASSOCIATION OF AMERICA
858,73-0529079,3,4,INTERSTATE NATURAL GAS ASSOCIATION OF AMERICA
859,73-0529079,4,5,INTERSTATE NATURAL GAS ASSOCIATION OF AMERICA
860,73-0529079,5,4,INTERSTATE NATURAL GAS ASSOCIATION OF AMERICA
861,73-0529079,6,1,INTERSTATE NATURAL GAS ASSOCIATION OF AMERICA
862,73-0529079,7,2,INTERSTATE NATURAL GAS ASSOCIATION OF AMERICA
863,73-0529079,8,1,INTERSTATE NATURAL GAS ASSOCIATION OF AMERICA
864,13-2911127,0,55,AMERICAN COUNCIL ON SCIENCE AND HEALTH
865,13-2911127,1,24,AMERICAN COUNCIL ON SCIENCE AND HEALTH
866,13-2911127,2,4,AMERICAN COUNCIL ON SCIENCE AND HEALTH
867,13-2911127,3,0,AMERICAN COUNCIL ON SCIENCE AND HEALTH
868,13-2911127,4,5,AMERICAN COUNCIL ON SCIENCE AND HEALTH
869,13-2911127,5,4,AMERICAN COUNCIL ON SCIENCE AND HEALTH
870,13-2911127,6,1,AMERICAN COUNCIL ON SCIENCE AND HEALTH
871,13-2911127,7,2,AMERICAN COUNCIL ON SCIENCE AND HEALTH
872,13-2911127,8,1,AMERICAN COUNCIL ON SCIENCE AND HEALTH
873,58-1247027,0,47,SOUTHEASTERN LEGAL FOUNDATION
874,58-1247027,1,13,SOUTHEASTERN LEGAL FOUNDATION
875,58-1247027,2,1,SOUTHEASTERN LEGAL FOUNDATION
876,58-1247027,3,4,SOUTHEASTERN LEGAL FOUNDATION
877,58-1247027,4,5,SOUTHEASTERN LEGAL FOUNDATION
878,58-1247027,5,4,SOUTHEASTERN LEGAL FOUNDATION
879,58-1247027,6,1,SOUTHEASTERN LEGAL FOUNDATION
880,58-1247027,7,2,SOUTHEASTERN LEGAL FOUNDATION
881,58-1247027,8,1,SOUTHEASTERN LEGAL FOUNDATION
882,41-1275875,0,121,HERITAGE FOUNDATION
883,41-1275875,1,24,HERITAGE FOUNDATION
884,41-1275875,2,4,HERITAGE FOUNDATION
885,41-1275875,3,0,HERITAGE FOUNDATION
886,41-1275875,4,5,HERITAGE FOUNDATION
887,41-1275875,5,4,HERITAGE FOUNDATION
888,41-1275875,6,1,HERITAGE FOUNDATION
889,41-1275875,7,2,HERITAGE FOUNDATION
890,41-1275875,8,1,HERITAGE FOUNDATION
891,23-7432162,0,44,CATO INSTITUTE
892,23-7432162,1,13,CATO INSTITUTE
893,23-7432162,2,1,CATO INSTITUTE
894,23-7432162,3,4,CATO INSTITUTE
895,23-7432162,4,5,CATO INSTITUTE
896,23-7432162,5,4,CATO INSTITUTE
897,23-7432162,6,1,CATO INSTITUTE
898,23-7432162,7,2,CATO INSTITUTE
899,23-7432162,8,1,CATO INSTITUTE
900,58-1691765,0,89,JOHN WILLIAM POPE FOUNDATION
901,58-1691765,1,5,JOHN WILLIAM POPE FOUNDATION
902,58-1691765,2,2,JOHN WILLIAM POPE FOUNDATION
903,58-1691765,3,5,JOHN WILLIAM POPE FOUNDATION
904,58-1691765,4,5,JOHN WILLIAM POPE FOUNDATION
905,58-1691765,5,4,JOHN WILLIAM POPE FOUNDATION
906,58-1691765,6,1,JOHN WILLIAM POPE FOUNDATION
907,58-1691765,7,2,JOHN WILLIAM POPE FOUNDATION
908,58-1691765,8,1,JOHN WILLIAM POPE FOUNDATION
909,13-2912529,0,5,MANHATTAN INSTITUTE FOR POLICY RESEARCH
910,13-2912529,1,24,MANHATTAN INSTITUTE FOR POLICY RESEARCH
911,13-2912529,2,4,MANHATTAN INSTITUTE FOR POLICY RESEARCH
912,13-2912529,3,0,MANHATTAN INSTITUTE FOR POLICY RESEARCH
913,13-2912529,4,5,MANHATTAN INSTITUTE FOR POLICY RESEARCH
914,13-2912529,5,4,MANHATTAN INSTITUTE FOR POLICY RESEARCH
915,13-2912529,6,1,MANHATTAN INSTITUTE FOR POLICY RESEARCH
916,13-2912529,7,2,MANHATTAN INSTITUTE FOR POLICY RESEARCH
917,13-2912529,8,1,MANHATTAN INSTITUTE FOR POLICY RESEARCH
918,95-3298239,0,138,REASON FOUNDATION THE
919,95-3298239,1,8,REASON FOUNDATION THE
920,95-3298239,2,13,REASON FOUNDATION THE
921,95-3298239,3,4,REASON FOUNDATION THE
922,95-3298239,4,5,REASON FOUNDATION THE
923,95-3298239,5,4,REASON FOUNDATION THE
924,95-3298239,6,1,REASON FOUNDATION THE
925,95-3298239,7,2,REASON FOUNDATION THE
926,95-3298239,8,1,REASON FOUNDATION THE
927,45-0321174,0,109,LIGNITE ENERGY COUNCIL
928,45-0321174,1,25,LIGNITE ENERGY COUNCIL
929,45-0321174,2,11,LIGNITE ENERGY COUNCIL
930,45-0321174,3,7,LIGNITE ENERGY COUNCIL
931,45-0321174,4,5,LIGNITE ENERGY COUNCIL
932,45-0321174,5,4,LIGNITE ENERGY COUNCIL
933,45-0321174,6,1,LIGNITE ENERGY COUNCIL
934,45-0321174,7,2,LIGNITE ENERGY COUNCIL
935,45-0321174,8,1,LIGNITE ENERGY COUNCIL
936,84-0990300,0,71,INDEPENDENCE INSTITUTE
937,84-0990300,1,24,INDEPENDENCE INSTITUTE
938,84-0990300,2,4,INDEPENDENCE INSTITUTE
939,84-0990300,3,0,INDEPENDENCE INSTITUTE
940,84-0990300,4,5,INDEPENDENCE INSTITUTE
941,84-0990300,5,4,INDEPENDENCE INSTITUTE
942,84-0990300,6,1,INDEPENDENCE INSTITUTE
943,84-0990300,7,2,INDEPENDENCE INSTITUTE
944,84-0990300,8,1,INDEPENDENCE INSTITUTE
945,53-0241211,0,102,PHARMACEUTICAL RESEARCH AND MANUFACTURERS OF AMERICA
946,53-0241211,1,15,PHARMACEUTICAL RESEARCH AND MANUFACTURERS OF AMERICA
947,53-0241211,2,12,PHARMACEUTICAL RESEARCH AND MANUFACTURERS OF AMERICA
948,53-0241211,3,4,PHARMACEUTICAL RESEARCH AND MANUFACTURERS OF AMERICA
949,53-0241211,4,5,PHARMACEUTICAL RESEARCH AND MANUFACTURERS OF AMERICA
950,53-0241211,5,4,PHARMACEUTICAL RESEARCH AND MANUFACTURERS OF AMERICA
951,53-0241211,6,1,PHARMACEUTICAL RESEARCH AND MANUFACTURERS OF AMERICA
952,53-0241211,7,2,PHARMACEUTICAL RESEARCH AND MANUFACTURERS OF AMERICA
953,53-0241211,8,1,PHARMACEUTICAL RESEARCH AND MANUFACTURERS OF AMERICA
954,47-4610810,0,17,RIO GRANDE FOUNDATION
955,47-4610810,1,1,RIO GRANDE FOUNDATION
956,47-4610810,2,12,RIO GRANDE FOUNDATION
957,47-4610810,3,4,RIO GRANDE FOUNDATION
958,47-4610810,4,5,RIO GRANDE FOUNDATION
959,47-4610810,5,4,RIO GRANDE FOUNDATION
960,47-4610810,6,1,RIO GRANDE FOUNDATION
961,47-4610810,7,2,RIO GRANDE FOUNDATION
962,47-4610810,8,1,RIO GRANDE FOUNDATION
963,73-0296927,0,89,INDEPENDENT PETROLEUM ASSOCIATION OF AMERICA
964,73-0296927,1,5,INDEPENDENT PETROLEUM ASSOCIATION OF AMERICA
965,73-0296927,2,2,INDEPENDENT PETROLEUM ASSOCIATION OF AMERICA
966,73-0296927,3,5,INDEPENDENT PETROLEUM ASSOCIATION OF AMERICA
967,73-0296927,4,5,INDEPENDENT PETROLEUM ASSOCIATION OF AMERICA
968,73-0296927,5,4,INDEPENDENT PETROLEUM ASSOCIATION OF AMERICA
969,73-0296927,6,1,INDEPENDENT PETROLEUM ASSOCIATION OF AMERICA
970,73-0296927,7,2,INDEPENDENT PETROLEUM ASSOCIATION OF AMERICA
971,73-0296927,8,1,INDEPENDENT PETROLEUM ASSOCIATION OF AMERICA
972,38-2701547,0,47,MACKINAC CENTER FOR PUBLIC POLICY
973,38-2701547,1,13,MACKINAC CENTER FOR PUBLIC POLICY
974,38-2701547,2,1,MACKINAC CENTER FOR PUBLIC POLICY
975,38-2701547,3,4,MACKINAC CENTER FOR PUBLIC POLICY
976,38-2701547,4,5,MACKINAC CENTER FOR PUBLIC POLICY
977,38-2701547,5,4,MACKINAC CENTER FOR PUBLIC POLICY
978,38-2701547,6,1,MACKINAC CENTER FOR PUBLIC POLICY
979,38-2701547,7,2,MACKINAC CENTER FOR PUBLIC POLICY
980,38-2701547,8,1,MACKINAC CENTER FOR PUBLIC POLICY
981,04-2121305,0,4,AMERICAN INSTITUTE FOR ECONOMIC RESEARCH
982,04-2121305,1,24,AMERICAN INSTITUTE FOR ECONOMIC RESEARCH
983,04-2121305,2,4,AMERICAN INSTITUTE FOR ECONOMIC RESEARCH
984,04-2121305,3,0,AMERICAN INSTITUTE FOR ECONOMIC RESEARCH
985,04-2121305,4,5,AMERICAN INSTITUTE FOR ECONOMIC RESEARCH
986,04-2121305,5,4,AMERICAN INSTITUTE FOR ECONOMIC RESEARCH
987,04-2121305,6,1,AMERICAN INSTITUTE FOR ECONOMIC RESEARCH
988,04-2121305,7,2,AMERICAN INSTITUTE FOR ECONOMIC RESEARCH
989,04-2121305,8,1,AMERICAN INSTITUTE FOR ECONOMIC RESEARCH
990,91-1521697,0,33,DISCOVERY INSTITUTE
991,91-1521697,1,17,DISCOVERY INSTITUTE
992,91-1521697,2,5,DISCOVERY INSTITUTE
993,91-1521697,3,7,DISCOVERY INSTITUTE
994,91-1521697,4,5,DISCOVERY INSTITUTE
995,91-1521697,5,4,DISCOVERY INSTITUTE
996,91-1521697,6,1,DISCOVERY INSTITUTE
997,91-1521697,7,2,DISCOVERY INSTITUTE
998,91-1521697,8,1,DISCOVERY INSTITUTE
999,36-3611426,0,4,CENTER OF THE AMERICAN EXPERIMENT
1000,36-3611426,1,24,CENTER OF THE AMERICAN EXPERIMENT
1001,36-3611426,2,4,CENTER OF THE AMERICAN EXPERIMENT
1002,36-3611426,3,0,CENTER OF THE AMERICAN EXPERIMENT
1003,36-3611426,4,5,CENTER OF THE AMERICAN EXPERIMENT
1004,36-3611426,5,4,CENTER OF THE AMERICAN EXPERIMENT
1005,36-3611426,6,1,CENTER OF THE AMERICAN EXPERIMENT
1006,36-3611426,7,2,CENTER OF THE AMERICAN EXPERIMENT
1007,36-3611426,8,1,CENTER OF THE AMERICAN EXPERIMENT
1008,52-1400302,0,120,ACCURACY IN ACADEMIA
1009,52-1400302,1,4,ACCURACY IN ACADEMIA
1010,52-1400302,2,11,ACCURACY IN ACADEMIA
1011,52-1400302,3,7,ACCURACY IN ACADEMIA
1012,52-1400302,4,5,ACCURACY IN ACADEMIA
1013,52-1400302,5,4,ACCURACY IN ACADEMIA
1014,52-1400302,6,1,ACCURACY IN ACADEMIA
1015,52-1400302,7,2,ACCURACY IN ACADEMIA
1016,52-1400302,8,1,ACCURACY IN ACADEMIA
1017,27-2244700,0,131,HERITAGE ACTION FOR AMERICA
1018,27-2244700,1,19,HERITAGE ACTION FOR AMERICA
1019,27-2244700,2,13,HERITAGE ACTION FOR AMERICA
1020,27-2244700,3,4,HERITAGE ACTION FOR AMERICA
1021,27-2244700,4,5,HERITAGE ACTION FOR AMERICA
1022,27-2244700,5,4,HERITAGE ACTION FOR AMERICA
1023,27-2244700,6,1,HERITAGE ACTION FOR AMERICA
1024,27-2244700,7,2,HERITAGE ACTION FOR AMERICA
1025,27-2244700,8,1,HERITAGE ACTION FOR AMERICA
1026,44-6015127,0,17,E. L. CRAIG FOUNDATION
1027,44-6015127,1,1,E. L. CRAIG FOUNDATION
1028,44-6015127,2,12,E. L. CRAIG FOUNDATION
1029,44-6015127,3,4,E. L. CRAIG FOUNDATION
1030,44-6015127,4,5,E. L. CRAIG FOUNDATION
1031,44-6015127,5,4,E. L. CRAIG FOUNDATION
1032,44-6015127,6,1,E. L. CRAIG FOUNDATION
1033,44-6015127,7,2,E. L. CRAIG FOUNDATION
1034,44-6015127,8,1,E. L. CRAIG FOUNDATION
1035,23-7042029,0,54,YOUNG AMERICA'S FOUNDATION
1036,23-7042029,1,17,YOUNG AMERICA'S FOUNDATION
1037,23-7042029,2,5,YOUNG AMERICA'S FOUNDATION
1038,23-7042029,3,7,YOUNG AMERICA'S FOUNDATION
1039,23-7042029,4,5,YOUNG AMERICA'S FOUNDATION
1040,23-7042029,5,4,YOUNG AMERICA'S FOUNDATION
1041,23-7042029,6,1,YOUNG AMERICA'S FOUNDATION
1042,23-7042029,7,2,YOUNG AMERICA'S FOUNDATION
1043,23-7042029,8,1,YOUNG AMERICA'S FOUNDATION
1044,13-1084330,0,26,NATIONAL ASSOCIATION OF MANUFACTURERS
1045,13-1084330,1,12,NATIONAL ASSOCIATION OF MANUFACTURERS
1046,13-1084330,2,13,NATIONAL ASSOCIATION OF MANUFACTURERS
1047,13-1084330,3,4,NATIONAL ASSOCIATION OF MANUFACTURERS
1048,13-1084330,4,5,NATIONAL ASSOCIATION OF MANUFACTURERS
1049,13-1084330,5,4,NATIONAL ASSOCIATION OF MANUFACTURERS
1050,13-1084330,6,1,NATIONAL ASSOCIATION OF MANUFACTURERS
1051,13-1084330,7,2,NATIONAL ASSOCIATION OF MANUFACTURERS
1052,13-1084330,8,1,NATIONAL ASSOCIATION OF MANUFACTURERS
1053,45-4678325,0,5,BRADLEY IMPACT FUND
1054,45-4678325,1,24,BRADLEY IMPACT FUND
1055,45-4678325,2,4,BRADLEY IMPACT FUND
1056,45-4678325,3,0,BRADLEY IMPACT FUND
1057,45-4678325,4,5,BRADLEY IMPACT FUND
1058,45-4678325,5,4,BRADLEY IMPACT FUND
1059,45-4678325,6,1,BRADLEY IMPACT FUND
1060,45-4678325,7,2,BRADLEY IMPACT FUND
1061,45-4678325,8,1,BRADLEY IMPACT FUND
1062,22-2570926,0,92,AYN RAND INSTITUTE
1063,22-2570926,1,22,AYN RAND INSTITUTE
1064,22-2570926,2,11,AYN RAND INSTITUTE
1065,22-2570926,3,7,AYN RAND INSTITUTE
1066,22-2570926,4,5,AYN RAND INSTITUTE
1067,22-2570926,5,4,AYN RAND INSTITUTE
1068,22-2570926,6,1,AYN RAND INSTITUTE
1069,22-2570926,7,2,AYN RAND INSTITUTE
1070,22-2570926,8,1,AYN RAND INSTITUTE
1071,13-0431590,0,59,AMERICAN GAS ASSOCIATION
1072,13-0431590,1,23,AMERICAN GAS ASSOCIATION
1073,13-0431590,2,11,AMERICAN GAS ASSOCIATION
1074,13-0431590,3,7,AMERICAN GAS ASSOCIATION
1075,13-0431590,4,5,AMERICAN GAS ASSOCIATION
1076,13-0431590,5,4,AMERICAN GAS ASSOCIATION
1077,13-0431590,6,1,AMERICAN GAS ASSOCIATION
1078,13-0431590,7,2,AMERICAN GAS ASSOCIATION
1079,13-0431590,8,1,AMERICAN GAS ASSOCIATION
1080,82-3815628,0,54,AMERICAN CONSERVATION COALITION
1081,82-3815628,1,17,AMERICAN CONSERVATION COALITION
1082,82-3815628,2,5,AMERICAN CONSERVATION COALITION
1083,82-3815628,3,7,AMERICAN CONSERVATION COALITION
1084,82-3815628,4,5,AMERICAN CONSERVATION COALITION
1085,82-3815628,5,4,AMERICAN CONSERVATION COALITION
1086,82-3815628,6,1,AMERICAN CONSERVATION COALITION
1087,82-3815628,7,2,AMERICAN CONSERVATION COALITION
1088,82-3815628,8,1,AMERICAN CONSERVATION COALITION
1089,25-1704705,0,67,LINCOLN INSTITUTION OF PUBLIC OPINION RESEARCH
1090,25-1704705,1,21,LINCOLN INSTITUTION OF PUBLIC OPINION RESEARCH
1091,25-1704705,2,12,LINCOLN INSTITUTION OF PUBLIC OPINION RESEARCH
1092,25-1704705,3,4,LINCOLN INSTITUTION OF PUBLIC OPINION RESEARCH
1093,25-1704705,4,5,LINCOLN INSTITUTION OF PUBLIC OPINION RESEARCH
1094,25-1704705,5,4,LINCOLN INSTITUTION OF PUBLIC OPINION RESEARCH
1095,25-1704705,6,1,LINCOLN INSTITUTION OF PUBLIC OPINION RESEARCH
1096,25-1704705,7,2,LINCOLN INSTITUTION OF PUBLIC OPINION RESEARCH
1097,25-1704705,8,1,LINCOLN INSTITUTION OF PUBLIC OPINION RESEARCH
1098,52-1289734,0,33,CAPITAL RESEARCH CENTER
1099,52-1289734,1,17,CAPITAL RESEARCH CENTER
1100,52-1289734,2,5,CAPITAL RESEARCH CENTER
1101,52-1289734,3,7,CAPITAL RESEARCH CENTER
1102,52-1289734,4,5,CAPITAL RESEARCH CENTER
1103,52-1289734,5,4,CAPITAL RESEARCH CENTER
1104,52-1289734,6,1,CAPITAL RESEARCH CENTER
1105,52-1289734,7,2,CAPITAL RESEARCH CENTER
1106,52-1289734,8,1,CAPITAL RESEARCH CENTER
1107,13-3649537,0,4,NATIONAL REVIEW INSTITUTE
1108,13-3649537,1,24,NATIONAL REVIEW INSTITUTE
1109,13-3649537,2,4,NATIONAL REVIEW INSTITUTE
1110,13-3649537,3,0,NATIONAL REVIEW INSTITUTE
1111,13-3649537,4,5,NATIONAL REVIEW INSTITUTE
1112,13-3649537,5,4,NATIONAL REVIEW INSTITUTE
1113,13-3649537,6,1,NATIONAL REVIEW INSTITUTE
1114,13-3649537,7,2,NATIONAL REVIEW INSTITUTE
1115,13-3649537,8,1,NATIONAL REVIEW INSTITUTE
1116,84-0700841,0,37,WESTERN ENERGY ALLIANCE
1117,84-0700841,1,8,WESTERN ENERGY ALLIANCE
1118,84-0700841,2,13,WESTERN ENERGY ALLIANCE
1119,84-0700841,3,4,WESTERN ENERGY ALLIANCE
1120,84-0700841,4,5,WESTERN ENERGY ALLIANCE
1121,84-0700841,5,4,WESTERN ENERGY ALLIANCE
1122,84-0700841,6,1,WESTERN ENERGY ALLIANCE
1123,84-0700841,7,2,WESTERN ENERGY ALLIANCE
1124,84-0700841,8,1,WESTERN ENERGY ALLIANCE
1125,26-0006579,0,71,CENTER FOR CONSUMER FREEDOM
1126,26-0006579,1,24,CENTER FOR CONSUMER FREEDOM
1127,26-0006579,2,4,CENTER FOR CONSUMER FREEDOM
1128,26-0006579,3,0,CENTER FOR CONSUMER FREEDOM
1129,26-0006579,4,5,CENTER FOR CONSUMER FREEDOM
1130,26-0006579,5,4,CENTER FOR CONSUMER FREEDOM
1131,26-0006579,6,1,CENTER FOR CONSUMER FREEDOM
1132,26-0006579,7,2,CENTER FOR CONSUMER FREEDOM
1133,26-0006579,8,1,CENTER FOR CONSUMER FREEDOM
1134,52-1526916,0,59,FREEDOMWORKS FOUNDATION
1135,52-1526916,1,23,FREEDOMWORKS FOUNDATION
1136,52-1526916,2,11,FREEDOMWORKS FOUNDATION
1137,52-1526916,3,7,FREEDOMWORKS FOUNDATION
1138,52-1526916,4,5,FREEDOMWORKS FOUNDATION
1139,52-1526916,5,4,FREEDOMWORKS FOUNDATION
1140,52-1526916,6,1,FREEDOMWORKS FOUNDATION
1141,52-1526916,7,2,FREEDOMWORKS FOUNDATION
1142,52-1526916,8,1,FREEDOMWORKS FOUNDATION
1143,35-1758480,0,84,INDIANA POLICY REVIEW FOUNDATION
1144,35-1758480,1,17,INDIANA POLICY REVIEW FOUNDATION
1145,35-1758480,2,5,INDIANA POLICY REVIEW FOUNDATION
1146,35-1758480,3,7,INDIANA POLICY REVIEW FOUNDATION
1147,35-1758480,4,5,INDIANA POLICY REVIEW FOUNDATION
1148,35-1758480,5,4,INDIANA POLICY REVIEW FOUNDATION
1149,35-1758480,6,1,INDIANA POLICY REVIEW FOUNDATION
1150,35-1758480,7,2,INDIANA POLICY REVIEW FOUNDATION
1151,35-1758480,8,1,INDIANA POLICY REVIEW FOUNDATION
1152,51-0280185,0,67,THOMAS JEFFERSON INSTITUTE FOR PUBLIC POLICY
1153,51-0280185,1,21,THOMAS JEFFERSON INSTITUTE FOR PUBLIC POLICY
1154,51-0280185,2,12,THOMAS JEFFERSON INSTITUTE FOR PUBLIC POLICY
1155,51-0280185,3,4,THOMAS JEFFERSON INSTITUTE FOR PUBLIC POLICY
1156,51-0280185,4,5,THOMAS JEFFERSON INSTITUTE FOR PUBLIC POLICY
1157,51-0280185,5,4,THOMAS JEFFERSON INSTITUTE FOR PUBLIC POLICY
1158,51-0280185,6,1,THOMAS JEFFERSON INSTITUTE FOR PUBLIC POLICY
1159,51-0280185,7,2,THOMAS JEFFERSON INSTITUTE FOR PUBLIC POLICY
1160,51-0280185,8,1,THOMAS JEFFERSON INSTITUTE FOR PUBLIC POLICY
1161,23-7135837,0,114,ACCURACY IN MEDIA
1162,23-7135837,1,13,ACCURACY IN MEDIA
1163,23-7135837,2,1,ACCURACY IN MEDIA
1164,23-7135837,3,4,ACCURACY IN MEDIA
1165,23-7135837,4,5,ACCURACY IN MEDIA
1166,23-7135837,5,4,ACCURACY IN MEDIA
1167,23-7135837,6,1,ACCURACY IN MEDIA
1168,23-7135837,7,2,ACCURACY IN MEDIA
1169,23-7135837,8,1,ACCURACY IN MEDIA
1170,52-1358144,0,120,YANKEE INSTITUTE FOR PUBLIC POLICY
1171,52-1358144,1,4,YANKEE INSTITUTE FOR PUBLIC POLICY
1172,52-1358144,2,11,YANKEE INSTITUTE FOR PUBLIC POLICY
1173,52-1358144,3,7,YANKEE INSTITUTE FOR PUBLIC POLICY
1174,52-1358144,4,5,YANKEE INSTITUTE FOR PUBLIC POLICY
1175,52-1358144,5,4,YANKEE INSTITUTE FOR PUBLIC POLICY
1176,52-1358144,6,1,YANKEE INSTITUTE FOR PUBLIC POLICY
1177,52-1358144,7,2,YANKEE INSTITUTE FOR PUBLIC POLICY
1178,52-1358144,8,1,YANKEE INSTITUTE FOR PUBLIC POLICY
1179,13-0433430,0,137,AMERICAN PETROLEUM INSTITUTE
1180,13-0433430,1,24,AMERICAN PETROLEUM INSTITUTE
1181,13-0433430,2,4,AMERICAN PETROLEUM INSTITUTE
1182,13-0433430,3,0,AMERICAN PETROLEUM INSTITUTE
1183,13-0433430,4,5,AMERICAN PETROLEUM INSTITUTE
1184,13-0433430,5,4,AMERICAN PETROLEUM INSTITUTE
1185,13-0433430,6,1,AMERICAN PETROLEUM INSTITUTE
1186,13-0433430,7,2,AMERICAN PETROLEUM INSTITUTE
1187,13-0433430,8,1,AMERICAN PETROLEUM INSTITUTE
1188,26-4396861,0,74,DOMESTIC ENERGY PRODUCERS ALLIANCE
1189,26-4396861,1,13,DOMESTIC ENERGY PRODUCERS ALLIANCE
1190,26-4396861,2,1,DOMESTIC ENERGY PRODUCERS ALLIANCE
1191,26-4396861,3,4,DOMESTIC ENERGY PRODUCERS ALLIANCE
1192,26-4396861,4,5,DOMESTIC ENERGY PRODUCERS ALLIANCE
1193,26-4396861,5,4,DOMESTIC ENERGY PRODUCERS ALLIANCE
1194,26-4396861,6,1,DOMESTIC ENERGY PRODUCERS ALLIANCE
1195,26-4396861,7,2,DOMESTIC ENERGY PRODUCERS ALLIANCE
1196,26-4396861,8,1,DOMESTIC ENERGY PRODUCERS ALLIANCE
1197,52-1349353,0,138,FREEDOMWORKS
1198,52-1349353,1,8,FREEDOMWORKS
1199,52-1349353,2,13,FREEDOMWORKS
1200,52-1349353,3,4,FREEDOMWORKS
1201,52-1349353,4,5,FREEDOMWORKS
1202,52-1349353,5,4,FREEDOMWORKS
1203,52-1349353,6,1,FREEDOMWORKS
1204,52-1349353,7,2,FREEDOMWORKS
1205,52-1349353,8,1,FREEDOMWORKS
1206,52-1351785,0,147,COMPETITIVE ENTERPRISE INSTITUTE
1207,52-1351785,1,22,COMPETITIVE ENTERPRISE INSTITUTE
1208,52-1351785,2,11,COMPETITIVE ENTERPRISE INSTITUTE
1209,52-1351785,3,7,COMPETITIVE ENTERPRISE INSTITUTE
1210,52-1351785,4,5,COMPETITIVE ENTERPRISE INSTITUTE
1211,52-1351785,5,4,COMPETITIVE ENTERPRISE INSTITUTE
1212,52-1351785,6,1,COMPETITIVE ENTERPRISE INSTITUTE
1213,52-1351785,7,2,COMPETITIVE ENTERPRISE INSTITUTE
1214,52-1351785,8,1,COMPETITIVE ENTERPRISE INSTITUTE
1215,35-1320021,0,42,LIBERTY FUND
1216,35-1320021,1,22,LIBERTY FUND
1217,35-1320021,2,11,LIBERTY FUND
1218,35-1320021,3,7,LIBERTY FUND
1219,35-1320021,4,5,LIBERTY FUND
1220,35-1320021,5,4,LIBERTY FUND
1221,35-1320021,6,1,LIBERTY FUND
1222,35-1320021,7,2,LIBERTY FUND
1223,35-1320021,8,1,LIBERTY FUND
1224,94-2763845,0,55,ATLAS NETWORK
1225,94-2763845,1,24,ATLAS NETWORK
1226,94-2763845,2,4,ATLAS NETWORK
1227,94-2763845,3,0,ATLAS NETWORK
1228,94-2763845,4,5,ATLAS NETWORK
1229,94-2763845,5,4,ATLAS NETWORK
1230,94-2763845,6,1,ATLAS NETWORK
1231,94-2763845,7,2,ATLAS NETWORK
1232,94-2763845,8,1,ATLAS NETWORK
1233,52-1363952,0,4,CITIZENS AGAINST GOVERNMENT WASTE
1234,52-1363952,1,24,CITIZENS AGAINST GOVERNMENT WASTE
1235,52-1363952,2,4,CITIZENS AGAINST GOVERNMENT WASTE
1236,52-1363952,3,0,CITIZENS AGAINST GOVERNMENT WASTE
1237,52-1363952,4,5,CITIZENS AGAINST GOVERNMENT WASTE
1238,52-1363952,5,4,CITIZENS AGAINST GOVERNMENT WASTE
1239,52-1363952,6,1,CITIZENS AGAINST GOVERNMENT WASTE
1240,52-1363952,7,2,CITIZENS AGAINST GOVERNMENT WASTE
1241,52-1363952,8,1,CITIZENS AGAINST GOVERNMENT WASTE
1242,25-1113452,0,102,"SARAH SCAIFE FOUNDATION, INC."
1243,25-1113452,1,15,"SARAH SCAIFE FOUNDATION, INC."
1244,25-1113452,2,12,"SARAH SCAIFE FOUNDATION, INC."
1245,25-1113452,3,4,"SARAH SCAIFE FOUNDATION, INC."
1246,25-1113452,4,5,"SARAH SCAIFE FOUNDATION, INC."
1247,25-1113452,5,4,"SARAH SCAIFE FOUNDATION, INC."
1248,25-1113452,6,1,"SARAH SCAIFE FOUNDATION, INC."
1249,25-1113452,7,2,"SARAH SCAIFE FOUNDATION, INC."
1250,25-1113452,8,1,"SARAH SCAIFE FOUNDATION, INC."
1251,48-0289485,0,120,KANSAS INDEPENDENT OIL AND GAS ASSOCIATION
1252,48-0289485,1,4,KANSAS INDEPENDENT OIL AND GAS ASSOCIATION
1253,48-0289485,2,11,KANSAS INDEPENDENT OIL AND GAS ASSOCIATION
1254,48-0289485,3,7,KANSAS INDEPENDENT OIL AND GAS ASSOCIATION
1255,48-0289485,4,5,KANSAS INDEPENDENT OIL AND GAS ASSOCIATION
1256,48-0289485,5,4,KANSAS INDEPENDENT OIL AND GAS ASSOCIATION
1257,48-0289485,6,1,KANSAS INDEPENDENT OIL AND GAS ASSOCIATION
1258,48-0289485,7,2,KANSAS INDEPENDENT OIL AND GAS ASSOCIATION
1259,48-0289485,8,1,KANSAS INDEPENDENT OIL AND GAS ASSOCIATION
1260,54-1670627,0,113,INDEPENDENT WOMEN'S FORUM
1261,54-1670627,1,2,INDEPENDENT WOMEN'S FORUM
1262,54-1670627,2,13,INDEPENDENT WOMEN'S FORUM
1263,54-1670627,3,4,INDEPENDENT WOMEN'S FORUM
1264,54-1670627,4,5,INDEPENDENT WOMEN'S FORUM
1265,54-1670627,5,4,INDEPENDENT WOMEN'S FORUM
1266,54-1670627,6,1,INDEPENDENT WOMEN'S FORUM
1267,54-1670627,7,2,INDEPENDENT WOMEN'S FORUM
1268,54-1670627,8,1,INDEPENDENT WOMEN'S FORUM
1269,54-1645372,0,114,SCIENCE AND ENVIRONMENTAL POLICY PROJECT
1270,54-1645372,1,13,SCIENCE AND ENVIRONMENTAL POLICY PROJECT
1271,54-1645372,2,1,SCIENCE AND ENVIRONMENTAL POLICY PROJECT
1272,54-1645372,3,4,SCIENCE AND ENVIRONMENTAL POLICY PROJECT
1273,54-1645372,4,5,SCIENCE AND ENVIRONMENTAL POLICY PROJECT
1274,54-1645372,5,4,SCIENCE AND ENVIRONMENTAL POLICY PROJECT
1275,54-1645372,6,1,SCIENCE AND ENVIRONMENTAL POLICY PROJECT
1276,54-1645372,7,2,SCIENCE AND ENVIRONMENTAL POLICY PROJECT
1277,54-1645372,8,1,SCIENCE AND ENVIRONMENTAL POLICY PROJECT
1278,54-1429009,0,113,MEDIA RESEARCH CENTER
1279,54-1429009,1,2,MEDIA RESEARCH CENTER
1280,54-1429009,2,13,MEDIA RESEARCH CENTER
1281,54-1429009,3,4,MEDIA RESEARCH CENTER
1282,54-1429009,4,5,MEDIA RESEARCH CENTER
1283,54-1429009,5,4,MEDIA RESEARCH CENTER
1284,54-1429009,6,1,MEDIA RESEARCH CENTER
1285,54-1429009,7,2,MEDIA RESEARCH CENTER
1286,54-1429009,8,1,MEDIA RESEARCH CENTER
1287,54-1436224,0,71,MERCATUS CENTER GEORGE MASON UNIVERSITY
1288,54-1436224,1,24,MERCATUS CENTER GEORGE MASON UNIVERSITY
1289,54-1436224,2,4,MERCATUS CENTER GEORGE MASON UNIVERSITY
1290,54-1436224,3,0,MERCATUS CENTER GEORGE MASON UNIVERSITY
1291,54-1436224,4,5,MERCATUS CENTER GEORGE MASON UNIVERSITY
1292,54-1436224,5,4,MERCATUS CENTER GEORGE MASON UNIVERSITY
1293,54-1436224,6,1,MERCATUS CENTER GEORGE MASON UNIVERSITY
1294,54-1436224,7,2,MERCATUS CENTER GEORGE MASON UNIVERSITY
1295,54-1436224,8,1,MERCATUS CENTER GEORGE MASON UNIVERSITY
1296,36-3235550,0,42,FEDERALIST SOCIETY FOR LAW AND PUBLIC POLICY STUDIES
1297,36-3235550,1,22,FEDERALIST SOCIETY FOR LAW AND PUBLIC POLICY STUDIES
1298,36-3235550,2,11,FEDERALIST SOCIETY FOR LAW AND PUBLIC POLICY STUDIES
1299,36-3235550,3,7,FEDERALIST SOCIETY FOR LAW AND PUBLIC POLICY STUDIES
1300,36-3235550,4,5,FEDERALIST SOCIETY FOR LAW AND PUBLIC POLICY STUDIES
1301,36-3235550,5,4,FEDERALIST SOCIETY FOR LAW AND PUBLIC POLICY STUDIES
1302,36-3235550,6,1,FEDERALIST SOCIETY FOR LAW AND PUBLIC POLICY STUDIES
1303,36-3235550,7,2,FEDERALIST SOCIETY FOR LAW AND PUBLIC POLICY STUDIES
1304,36-3235550,8,1,FEDERALIST SOCIETY FOR LAW AND PUBLIC POLICY STUDIES
1305,23-7433827,0,26,"LILLIAN S. WELLS FOUNDATION, INC."
1306,23-7433827,1,12,"LILLIAN S. WELLS FOUNDATION, INC."
1307,23-7433827,2,13,"LILLIAN S. WELLS FOUNDATION, INC."
1308,23-7433827,3,4,"LILLIAN S. WELLS FOUNDATION, INC."
1309,23-7433827,4,5,"LILLIAN S. WELLS FOUNDATION, INC."
1310,23-7433827,5,4,"LILLIAN S. WELLS FOUNDATION, INC."
1311,23-7433827,6,1,"LILLIAN S. WELLS FOUNDATION, INC."
1312,23-7433827,7,2,"LILLIAN S. WELLS FOUNDATION, INC."
1313,23-7433827,8,1,"LILLIAN S. WELLS FOUNDATION, INC."
1314,38-2926822,0,107,ACTON INSTITUTE FOR THE STUDY OF RELIGION AND LIBERTY
1315,38-2926822,1,24,ACTON INSTITUTE FOR THE STUDY OF RELIGION AND LIBERTY
1316,38-2926822,2,4,ACTON INSTITUTE FOR THE STUDY OF RELIGION AND LIBERTY
1317,38-2926822,3,0,ACTON INSTITUTE FOR THE STUDY OF RELIGION AND LIBERTY
1318,38-2926822,4,5,ACTON INSTITUTE FOR THE STUDY OF RELIGION AND LIBERTY
1319,38-2926822,5,4,ACTON INSTITUTE FOR THE STUDY OF RELIGION AND LIBERTY
1320,38-2926822,6,1,ACTON INSTITUTE FOR THE STUDY OF RELIGION AND LIBERTY
1321,38-2926822,7,2,ACTON INSTITUTE FOR THE STUDY OF RELIGION AND LIBERTY
1322,38-2926822,8,1,ACTON INSTITUTE FOR THE STUDY OF RELIGION AND LIBERTY
1323,94-2528433,0,137,PACIFIC RESEARCH INSTITUTE FOR PUBLIC POLICY
1324,94-2528433,1,24,PACIFIC RESEARCH INSTITUTE FOR PUBLIC POLICY
1325,94-2528433,2,4,PACIFIC RESEARCH INSTITUTE FOR PUBLIC POLICY
1326,94-2528433,3,0,PACIFIC RESEARCH INSTITUTE FOR PUBLIC POLICY
1327,94-2528433,4,5,PACIFIC RESEARCH INSTITUTE FOR PUBLIC POLICY
1328,94-2528433,5,4,PACIFIC RESEARCH INSTITUTE FOR PUBLIC POLICY
1329,94-2528433,6,1,PACIFIC RESEARCH INSTITUTE FOR PUBLIC POLICY
1330,94-2528433,7,2,PACIFIC RESEARCH INSTITUTE FOR PUBLIC POLICY
1331,94-2528433,8,1,PACIFIC RESEARCH INSTITUTE FOR PUBLIC POLICY
1332,88-0276314,0,33,NEVADA POLICY RESEARCH INSTITUTE
1333,88-0276314,1,17,NEVADA POLICY RESEARCH INSTITUTE
1334,88-0276314,2,5,NEVADA POLICY RESEARCH INSTITUTE
1335,88-0276314,3,7,NEVADA POLICY RESEARCH INSTITUTE
1336,88-0276314,4,5,NEVADA POLICY RESEARCH INSTITUTE
1337,88-0276314,5,4,NEVADA POLICY RESEARCH INSTITUTE
1338,88-0276314,6,1,NEVADA POLICY RESEARCH INSTITUTE
1339,88-0276314,7,2,NEVADA POLICY RESEARCH INSTITUTE
1340,88-0276314,8,1,NEVADA POLICY RESEARCH INSTITUTE
